rt,acc
0.9567825252917882,1
0.8995785217719687,1
0.8753506434164449,1
0.7337471881621903,1
0.9182454532471465,1
0.8496189651954305,1
0.8587076087217312,1
1.087583252687578,1
1.0230517930521659,1
0.8641977036988726,1
0.865661926549414,0
0.8477757444830674,1
0.9680260144296597,0
0.8856852180058966,1
0.9692202697786386,1
0.8786380718493201,1
0.8771066286909514,1
1.0011078353357932,1
0.9986875829514571,1
0.9028116171513578,1
0.8921512980551715,1
0.9904685467591566,1
1.0085486829837402,1
0.9124079311243386,1
0.8423698426933435,1
0.8967526339831894,1
0.8587688980791881,1
0.9908624318623056,1
0.9702618005486768,1
0.9068951079786932,1
0.9042276575274036,1
0.8609455867743956,1
0.9646603073006915,1
0.8197136045149025,1
0.9064161024222047,1
1.05320815808233,1
0.9435029729775879,1
0.9787667197400851,1
0.9694048043609103,1
0.9092116243973926,1
1.0403670844266464,1
1.1321060363734263,1
0.9297624694867029,1
0.8272446321892944,1
0.9949473610049717,1
0.8172277506936837,1
0.8264626717102594,1
0.9328856077934243,1
0.8481131143228458,1
0.842063289002839,1
0.7794597750021085,1
0.8613808792680095,1
0.7432123776265827,1
0.9336134478491643,1
1.154644075513831,1
0.9201523590997207,1
1.0846428245016355,1
1.042918433983195,1
1.1403928409715047,1
0.8251143358493908,1
0.9056256699831504,1
0.8106920408368465,1
1.1454178983216456,0
1.037278407045474,1
1.1154430809997056,1
1.063412023780182,1
0.8242228236439655,1
0.9412847667349018,1
0.9116490649357525,1
1.021362334308051,1
1.0370340751129397,1
0.7534626091241564,1
0.8451127609612847,1
0.9880410425739886,1
0.9489645320610518,1
1.074734570381878,1
1.0062298496152375,1
0.8183477268153421,1
1.2026692747964303,1
0.8137663199940651,1
0.83603108442215,1
0.8707800126202239,1
0.9783776582255935,1
0.967725483247404,1
0.8550028560685272,1
0.8756193716721229,1
0.9685007416493875,1
1.0156022354722636,1
1.0395463523686521,1
0.9106728171557033,1
1.0577068807823942,1
0.9785783260695838,1
1.017666618562952,1
0.8842316389057424,1
0.6804912391952975,1
0.8921998073229797,1
0.7843591859876855,1
0.9637213508901978,1
0.9927068125641646,1
0.9984359965699462,1
0.9334115785811482,1
1.0799187016311502,1
1.1088356192546884,1
0.9034794834669676,1
0.9898860697542856,1
0.8007669366375608,1
1.0703570722942386,1
0.9493523582828534,1
1.0228968474056819,1
0.9359263264607801,1
1.0948854397260237,0
0.8981901125433142,1
1.032018018011252,1
1.003926796954579,1
0.9253435015040912,1
0.9763712400199243,1
0.8758618805269065,1
0.9954499094582067,1
0.8891628964407307,1
0.8912308059758218,1
0.8526106617382975,1
0.8934625672032445,1
0.8357041405330077,1
1.0549585198707767,0
0.8523001446267887,1
0.7940825705198148,1
0.9587822071784508,1
0.7771621570082528,1
0.8739326732502631,1
0.9041089612231888,1
0.9555827414488643,1
0.9442481656943247,1
1.0146937598195236,1
0.9476051317372288,1
0.9987688730282223,0
0.9204871771357073,1
0.8962160670009238,1
0.9569256606664474,1
0.9625016068590467,1
1.068124931427692,1
0.9958320816633632,1
1.136049217402371,1
0.9339826055563213,1
1.1001983705912979,0
1.046531735279772,1
1.0313038076652559,1
1.0090992061050459,1
0.976992972552691,1
1.0350789937519749,0
1.0957131609197894,1
0.8664728996583646,1
0.9963265087608153,1
0.9699111921863602,1
1.0783054631437146,1
0.9243866885428608,1
0.9983440823680996,1
1.147715361969272,0
0.9323383209141569,1
0.8448028135044374,1
0.6480785110475211,1
0.8856469580347199,1
0.8478269828565739,1
1.0356700556731528,1
1.0364448211501607,1
1.0586520284787762,1
0.9839117471299251,1
0.8719523237828108,1
1.1411787679074465,1
0.9410330116510945,1
1.0576153488466435,1
1.0130357809445645,1
0.967132566734432,1
0.9999135263246712,1
0.9375011233551924,1
1.138290786206493,1
1.068544959838888,1
1.0559600816802348,1
0.9850744528895763,1
1.1101956207849528,1
0.9375391310382072,1
1.2747410686184337,0
0.8918426982181011,1
0.8948115894528458,1
1.1067357194672935,1
0.9338645006189104,1
0.8357756905029401,1
0.9834748801711296,1
1.0222116856577792,1
0.8501141244540517,1
1.105813779795088,0
0.9984497344673221,1
0.8466021021070115,1
0.9907717131647158,1
0.9945661563346724,1
1.0966951762092374,1
1.0371725929643523,1
0.9038138520531744,1
0.9668859699443931,1
0.9408832959591777,1
0.8479177961177007,1
1.0204417606663774,1
0.9977323250855127,1
0.8544646702686131,1
0.7448892804622018,1
0.9031432336197238,1
1.0065867866578073,1
0.922355975472415,1
1.0324922873726137,1
1.0814142690765371,1
0.9929642266880918,1
0.7761763336923622,1
0.9248651622712313,1
0.8946644709269452,1
0.9950766192787524,1
0.9352237200433676,1
1.0719004441352458,1
0.9817291165201456,1
0.980570715356841,1
0.9620308668179004,1
0.899947297184262,1
0.9482118627436488,1
1.1755681703243472,1
0.9043580938119032,1
0.9667690191103929,1
0.8886469130138519,1
0.961921368872266,1
0.9824983335168371,1
1.0326723491240077,1
0.8529649832847482,1
0.9052675516064242,1
1.0780444686352935,1
0.8049755758592685,1
0.911709128246538,1
0.9271694077207103,1
1.0922796497114038,1
0.7773995126637789,1
0.8496034985194123,1
0.8350765798305848,1
1.0744814074065028,1
0.9567804206507486,1
0.914706759743901,1
0.9371551730986727,1
0.9234988674542002,1
0.7585671834312723,1
0.8692824294408168,1
1.1135276727571615,1
0.8979111310200039,1
1.0126018681954,1
1.003409779639952,1
0.9270266119716079,1
1.0449679622444026,0
0.910844596424761,1
0.9622913839551471,1
1.07035681982846,1
0.9620681984492905,1
1.1145724694080943,1
0.7851831128583229,1
1.0786928524701829,1
0.9178818765854868,1
0.8737116260464569,1
0.8915812337206083,1
1.043510837304845,1
0.9620762586219107,1
0.7349352536325748,1
0.8300175645926298,1
0.8519559877307932,1
1.0411468834191473,1
0.9581358402070653,1
0.930379113049084,1
1.0080477045878597,1
0.9367497504427392,1
0.8465133640019946,1
1.1316727452460864,0
1.0138065439803658,1
0.9100521196619863,1
0.9812849596318002,1
0.9437188286946042,1
0.8746049059320531,1
0.8710849362393599,1
1.1007684561096336,1
0.9052582488175935,1
0.8356614680975345,1
0.9827674390754705,1
0.9006560099634631,1
0.7967143486048993,1
0.8503337299197493,1
1.1306554568839617,0
1.0642151912329765,1
1.1388001350420167,0
0.8561690409416145,1
1.0753272935228544,1
1.0131907955502437,1
0.9216523730232097,1
1.2683994840557524,0
0.8945919476714482,1
1.0738269834241136,1
0.6901229437590657,1
1.0249456089442845,1
1.029982190478444,1
1.0959741440440438,1
1.2265420804077554,0
1.0465440971192492,1
1.075427931979621,1
0.7485977663770645,1
0.9651880371075326,1
0.9194878497318731,1
1.2317519343990726,0
1.054449394539038,1
1.1296886180161194,1
0.8824814387928518,1
0.9019219995977339,1
0.815245842824693,1
0.9257458163880296,1
1.0387394412948474,1
0.8605497364792206,1
1.1100942082913559,1
0.945360910617653,1
0.8965361421890906,1
0.8004633606965226,1
0.9326318186225202,1
0.9183789338386211,1
1.1387307497766048,1
0.9081764803983814,1
0.9522149589862325,1
0.9835163490570754,1
1.164277724675874,1
0.8316911303123726,1
1.1071509935412833,1
0.7985207504333331,1
0.772109909865163,1
0.8187495738988109,1
0.9848323915268676,1
1.0298782705023197,1
0.9287521186611098,1
0.8589051675057581,1
0.9574989531493939,1
1.0537879104107666,1
0.8163666084173671,1
1.0756442077330863,1
1.0745797044413608,1
0.8382177453635733,1
0.8919339946225361,1
0.7554593684994394,1
0.9559721621548742,1
0.9699360006788833,1
0.912852214062156,1
0.8503975259666113,1
1.106728314465009,1
0.8477419432952457,1
0.9049238785565665,1
1.0272135531135467,0
0.970926443016083,1
1.0360882983728872,1
0.9911991193104729,1
0.8687797053643885,1
1.0774385391549735,1
1.067027036815049,1
0.9570368304437603,1
1.0348503902027577,1
0.8778342403832542,1
0.9063264674039322,1
0.8640725759025937,1
1.1107778185124624,1
1.1481102046335279,1
1.077952471688766,1
0.981041859678825,1
0.9277318457145397,1
0.8999886722966082,1
0.8621450439680618,1
0.9316233834795622,1
1.0934114109838284,1
0.965730589361324,1
1.1131204295100952,1
0.8893935321541603,1
1.0625285761320833,1
0.9310134970079657,1
0.8653234188987594,1
1.006186268380195,1
0.8595146862996985,1
0.9915712199710414,1
0.9331605202634549,1
1.2561732142730588,1
0.8782750836029019,1
1.1988488849254044,1
0.8905611648576062,1
0.9143017885142627,1
0.7724480638671489,1
0.9220569001948601,1
0.8119425508493738,1
0.8905054542848484,1
0.6710317294162695,1
0.9211981707747394,1
1.1716020852520854,1
0.7903832410974222,1
1.0021490500122623,0
0.8306528350233637,1
0.9777114064201835,1
0.847533902444616,1
0.9765359773771991,1
1.0162886637135702,1
0.9516230718704974,1
0.7690174696424306,1
0.9417170822465077,1
1.0427734158524662,1
0.8121270023858813,1
0.9817671209195865,1
1.0199267324621792,1
0.9580179942674161,1
0.9690974171547999,1
0.9919747020044897,1
0.9052211448218739,1
0.9009536421175008,1
1.0728291758849193,0
0.8944036439927131,1
0.8807194500284413,1
0.9748766485729563,1
0.773927112138217,1
0.897385463698387,1
1.0219468059506822,1
1.1004650850480964,1
0.9310546672748171,1
0.965895550397332,1
1.0174897247874304,1
0.8310875947550139,1
0.8415711622650343,1
1.1841104355070442,1
0.8001434423716584,1
0.8531646126894596,1
0.9211462159334453,1
0.8553660082049892,1
1.080173427060263,1
1.1289670299023533,1
1.030137609485274,1
1.1010523158968608,1
0.9138073130570343,1
1.1472220300706009,1
0.8843453875228275,1
1.1465926135749687,0
1.0721414194583356,1
0.9536481681867846,1
0.9923237105917541,1
0.9628129581309692,1
0.9999866553380488,1
0.9389655764236419,1
0.9157969507236036,1
0.8275754820366699,0
0.8959076888569929,1
0.9701628849638122,1
1.081344148058951,1
1.1121425248303685,0
0.9339742341537924,1
0.9939020565037443,1
0.9233381994503623,1
0.9499935124789433,1
0.9850003489246922,1
0.9705165032366485,1
1.1851457669969436,0
1.0632498704206772,1
0.9940735291846793,1
0.9221538436192335,1
0.8887594410806597,1
0.8942317761445,1
0.9452189870842997,1
0.9619215874088605,1
0.9952107986578437,1
0.923323188572719,1
0.9139154171491869,1
1.17926571329087,1
1.1033464617305724,1
0.9533067735489018,1
0.7294191182915388,1
0.9029631387080733,1
0.9026205450778613,1
0.8180078541413855,1
1.1825470658556978,0
1.033944575351112,1
1.1270574279685102,1
0.995815568578511,1
0.8329718840853253,1
1.103092836668955,1
0.9393238558488258,1
1.0009791972948063,1
0.7217162449309996,1
1.145010160928749,1
0.7714398619222871,1
0.7410519436872299,1
0.8879020131182206,1
0.9100005128326051,1
0.8189908169873453,1
0.9544296475291579,1
0.9149975310278111,1
1.022775883778907,1
0.7138226869039832,1
0.9858332601212891,1
1.0468776460205258,1
1.0570504363342104,1
1.028790430264491,1
0.9339119295806166,1
0.9594794957754516,1
0.8670253947681985,1
0.9283104180535557,1
0.9066386397468161,1
0.891718759135527,1
0.9780379124617143,0
1.1720012599539287,1
0.915475145118458,1
1.1641489419044952,1
0.99248564104488,1
0.7813560556252405,1
1.0064000439784686,1
0.9614357803885754,1
0.9182188111899068,1
1.068984854448983,1
1.004683416692649,1
0.9744658709410563,1
0.918978138280313,1
1.05028621791734,1
1.0098642479731565,1
0.9428427476762468,1
0.9024529557027355,1
0.9821375942400552,1
0.8987503362351154,1
0.9567209321247935,1
0.9162487526191196,1
1.0195174472580466,1
0.937021960771596,1
1.153644531584856,1
1.1043613993063377,1
0.9213665228040359,1
1.2167245374869566,0
0.838470582143068,1
0.9564037850262253,1
1.0968323439410064,1
0.905824501780305,1
0.9517451401409885,1
0.9224964780367609,1
0.8768482386643296,1
0.9123236686595882,1
0.8013258178740319,1
1.0958930843638375,0
0.8860484496938134,1
0.8592497638021854,1
1.0709153494360668,0
1.1442399204082974,0
0.9237668277367259,1
0.8534893242049459,1
0.9138787913581289,1
0.9621243021442504,1
0.8526599076371386,1
0.948293687332557,1
0.9746556930749259,1
0.8219817319306573,1
0.9903033062075605,1
0.8175907286460633,1
0.8770108012830552,1
0.7453462615962562,1
0.9548489325883963,1
0.9113050448510411,1
0.7717889768204376,1
0.8581778005965895,1
0.9927053870036895,1
0.8859815977562318,1
0.8312857313816411,1
0.8922797851926685,1
0.9085567412672575,1
0.8609824046636312,1
1.0407529325036557,1
0.9806234732887226,1
0.872839409753169,1
1.0831302047684517,1
1.0381750899323876,1
0.9103714539112563,1
1.1869879888795776,0
1.0276459184715463,1
0.8212276831474269,1
1.0366306101946923,1
0.9047872742385633,1
1.0922039250304372,1
0.9363085225720963,1
0.8201470262199607,1
0.9358747335492204,1
0.842137232349834,1
0.8974268306328024,1
0.9373931784739379,1
0.9248126044010306,1
0.9994621136572683,1
1.1528800443195202,1
0.9912358979968595,1
0.9605876361106296,1
0.8652568800266149,1
1.155179928639197,0
0.6528346682543684,1
0.9140714135370346,1
0.9319670124747785,0
0.8264404725557652,1
0.988858285110301,1
0.9289159857946081,1
0.9556695915819913,1
0.7395098238745136,1
0.9521300612270424,1
0.9679736929328877,1
1.0058411076314484,1
0.9621457253655777,1
1.0746381730795118,1
0.9764377453552452,1
0.9521667679209617,1
0.8231167866179941,1
0.9929022085991281,1
0.9312269321221129,1
0.9442533136539416,1
0.874147744625959,1
1.0631801371059368,1
0.7435157561444146,1
1.0541529355445742,0
0.9226618696831106,1
1.0802103943533825,1
1.0046338429537456,1
1.034750527028689,1
0.8937897744118373,1
0.8471977062559685,1
0.9906474256185706,1
0.7974415269565026,1
0.9948627491107997,1
0.9684271384668648,1
1.0868321186565804,1
0.9835176489173211,1
0.952884261358564,1
0.8778337451628845,1
0.9838942990003774,1
1.0355299705463583,1
0.9268208493207967,1
1.0633011841584645,1
1.076634524759558,1
1.2185923309470463,0
1.1774219815271576,0
1.0382332190795895,1
0.8830319003001108,1
0.8966733901365965,1
0.9866892525170247,1
0.7736729480911613,1
0.9241443803064042,1
0.9330408102380413,1
1.1670290440745705,1
0.8952155557998842,1
0.7777068121961266,1
0.9214494399335145,1
0.9203712953797426,1
0.8827053547792731,1
0.9182812432448106,1
0.9352793531715234,1
0.8687557726271138,1
1.070503838502903,1
0.8181521712184268,1
1.1234398666647092,1
1.0892970091395728,1
0.9978609020820974,1
0.9008620643355989,1
0.8220753512859299,1
0.7992597179132562,1
1.1001981675643724,1
0.9192133094614567,1
0.9552652689733385,1
0.826409004814808,1
0.9339517681110537,1
0.7865873811108556,1
0.9422021808471648,1
0.8564817999848259,1
0.8808497127595163,1
0.9387255372781345,1
0.9523888858859368,1
0.8077982635215759,1
0.9876920568272092,1
1.01536039049481,1
0.9438413919936017,1
1.2603823804553196,1
0.9462401956419875,1
0.9253656741015068,1
1.1489417412033638,0
0.8822962463515495,1
0.996248232712813,1
1.0405810367126276,1
0.9824737280452432,1
0.8610823482157275,1
0.9565562715650472,1
1.0345590993377591,1
0.9546496137439908,1
1.0348656312892914,1
0.885325860842991,1
0.9952562867549309,1
0.9113625347714943,1
0.9192177236071442,1
0.9991834637608804,1
0.8152935663685648,1
0.8906803299858937,1
0.9148593175105112,1
0.8335160036163161,1
0.9753307506861638,1
1.022014133378804,1
0.9204619453007248,1
1.0151552910201989,1
1.1224171596696695,1
0.8667948481918903,1
0.8404601345834641,1
1.203080572006293,1
1.0220211752133568,1
1.0012663501477146,1
1.0005570836306301,1
0.8338131237715801,1
0.947090624648875,1
0.7229354523878786,1
0.9469309855449487,1
1.0435643207815462,1
1.0013769040019276,1
0.9186743805831529,1
0.7090591297995013,1
0.8679878525935488,1
0.956377453481383,1
0.9176475255128123,1
1.011647949899987,1
0.9970588512212707,1
1.072012131248999,1
0.972436960124032,1
0.9778146347702432,1
0.9588628958722485,1
1.0051596021609668,1
0.8602247441919921,1
0.8470100200501165,1
0.9464785165269147,0
0.9645578153308887,0
0.9455177534632625,1
1.0106346424020636,1
0.8434880207734938,1
1.0908327710067014,1
0.8919254093982067,1
0.9453002879475252,1
0.7847075434377616,1
0.9733747466231818,1
0.8713051312990872,1
1.104423902061087,1
0.8405915598188048,1
1.005930175792399,1
1.0494503423973818,0
1.0026130128848605,1
0.9833570647855757,1
0.9155553656354849,1
0.9728514747891198,1
0.8924939326552294,1
1.1521554864960781,1
0.9394880464531097,1
0.7490993775975329,1
0.8601523986956685,1
1.018005538414127,1
0.9825332585882401,1
0.9619838846061797,1
0.8672035238812749,1
0.9416421954153518,1
0.7169239869779537,1
0.9358423619877623,1
1.0182589079355127,1
1.0515330001641283,1
0.965049452905669,1
1.1071013649075252,1
0.948929821807079,1
0.8783056479582798,1
1.0358240777846135,1
1.0306745563046662,1
0.9238940487279369,1
0.8712198028467998,1
0.8013699015650402,1
0.8126740464423476,1
1.0301808373200658,1
0.9935639395024422,1
0.956610766939675,1
0.8683435580459496,1
0.9696908382538874,1
1.0414879822798173,1
1.0553443428064924,1
0.9188233355131679,1
0.8108138655955672,1
0.9175737383767452,1
0.9160294467191525,1
0.978165667684271,1
1.157614707295257,0
0.9501776807007974,1
0.853188144977344,1
0.8888881418262923,1
1.0025634289787946,1
0.858937834020189,1
1.034282598960286,1
1.0548131006192674,1
1.0185838061475851,1
0.9996395210770238,0
0.7814285158128653,1
0.8254156368243617,1
0.9726694580023078,1
0.9466199001393187,1
0.836783131509514,1
0.9471853567625729,1
0.9276876946123853,1
1.3865705460273374,0
0.8051534381627647,1
0.8732073501251095,1
0.9159071662675,1
1.1970688494740829,1
1.095803194836439,0
1.0368491595786562,1
1.2287020274003368,0
0.8154413524790157,1
1.0114049295551668,1
0.8169385584395796,1
0.9127371756472527,1
0.9122718113425528,1
0.9213585762377299,1
1.084320417061578,1
0.8389786541891684,1
0.8549083001363283,1
0.781707732442016,1
1.0389976674065775,1
0.9260114556836629,1
0.8672763375282377,1
1.062158888989714,1
0.7129849933560233,1
0.9970121055615694,1
1.0611730496909586,1
0.9183676056788574,1
0.8548039223166618,1
0.959884405091194,1
0.9356689840404863,1
0.9405713395719391,1
0.9214343750637733,1
0.9050645385022263,1
0.8959500040531848,1
0.9550151278822283,1
0.9776027720832167,1
0.9459940458424508,1
0.9342787774055049,1
0.9164814255765288,1
1.0502221870845303,1
0.9905182701668808,1
0.9350329624273295,1
0.8051258945315247,1
0.8764791766701341,1
0.9563144056138677,1
0.9465529803581036,1
0.872286190236515,1
0.8151648588131704,1
0.8039582116996551,1
0.9499604125241551,1
1.0469540064201994,1
0.9795906093108538,1
0.8438577400078953,1
0.9267679938159938,1
0.9814354369786731,1
1.060986553173156,1
1.0389365792963865,0
0.9559886107969932,1
0.9811484486099747,1
1.0011351630887932,1
0.8755092258248366,1
0.8175010772108933,1
1.0116716693880385,1
0.6767057401914203,1
0.9459481676662599,1
1.1466415861929375,1
0.9045355232098803,1
0.9127066934071698,1
0.9025949853364397,1
1.0485369227231485,1
0.9650639436766046,1
1.105297996587566,1
0.8565077881791066,1
0.8893083031822033,1
0.9514320642139215,1
1.0155495824192564,1
0.8812995927209285,1
0.8963696294916131,1
1.1362913941805188,0
0.930564153080195,1
0.9599935573160425,1
0.8845313969224082,1
0.873596625085133,1
1.0502416175460643,1
1.0119074275722277,1
0.9935040469954085,1
0.8373090072636693,1
0.9396230573311423,1
0.9026901455640722,1
0.9310189629533535,1
1.2147435251015795,0
0.9394330998894538,1
0.9029472612866014,1
1.1408948324663333,0
0.8613125441359399,1
0.9460742340372436,1
1.0828689148639397,0
0.920978340760018,1
0.7710086239284717,1
0.8774204968525541,1
1.1208267799687284,1
0.9022177843946569,1
0.9817747379680374,1
1.1181617099410706,1
1.0381344704671078,1
0.8409228466246981,1
0.8153226201921064,1
0.9114587025719219,1
0.8234848733552921,1
0.9995318973731666,1
0.8724711113219557,1
1.0104736752515895,1
1.0089133815049753,1
0.9290190923779982,1
0.8634472252805181,1
1.1007391139072746,1
1.0039597834421075,1
0.8786045852842005,1
0.830718387716478,1
1.023957449868228,1
1.074115617085147,1
0.9465374227737694,1
0.8230562819748688,1
0.8261083413198194,1
0.8240235612789175,1
0.8493747364539402,1
0.8443654578304294,1
1.0749420201928586,1
1.3718946690662,0
0.8473019544181801,1
1.115817219681909,1
0.862792269308107,1
0.7989242381696101,1
0.7706049687122583,1
0.9340940517669765,1
0.9800984958068077,1
0.8379126647602249,1
0.9428235372283056,1
0.9420038183769499,1
0.9667784387440432,1
0.9828809507421186,1
0.9359073191491791,1
1.0883968659309025,1
0.9658233247411858,1
0.86128957293466,1
0.9717239635881675,0
0.8401453166241613,1
0.946037687689335,1
0.7477352856024786,1
1.0527900539607904,1
0.8908865052759608,1
0.9165415879744908,1
0.9256321010128826,1
0.7978805448616004,1
0.9120113305028453,1
1.0407298217579741,1
1.015384860555677,1
0.8188583852591618,1
0.7226562065880247,1
0.9150238678381017,1
0.733857662967981,1
0.9493616971896418,1
0.7542497682011302,1
0.9929949424968865,1
1.0399594985027263,1
0.8597210675762775,1
0.9217501560982281,1
0.990764798475595,1
0.8921074828534266,1
0.8073233093746977,1
1.2002229766655912,0
0.8607973050972675,1
0.8946453317645323,1
0.9271718292377711,1
1.0546879659247428,1
1.02462549184785,1
0.9353798374102106,1
1.1922983897011319,1
1.1008809186357253,1
0.8543166500024735,1
1.0681400723529224,1
1.0515579611980783,1
0.752373220297592,1
0.9165614320879155,1
0.8213902418641412,1
0.7033705162863919,1
0.9460160951308081,1
0.9265948196654721,1
0.8704392053714016,1
1.0268094898607512,1
0.8329423949260317,1
0.8072198298844698,1
0.987389303754677,1
0.9921730510937755,1
0.7856667947625361,1
0.8575515832039864,1
0.9753056411210581,1
1.0593570479510106,1
1.0779374185290602,1
0.9560743854571847,1
1.0227877119175646,1
0.9513157562427806,1
1.0460488336405003,1
1.043442034247529,1
1.0679126779350043,1
0.8979949310779759,1
0.9166994956239112,1
0.9811014608703854,1
0.9093999747077441,1
1.0788298483216154,1
0.8990747216075196,1
0.9088835865128525,1
0.9372160577038743,1
0.8440087239657167,1
0.9787858595338869,1
0.824626457216193,1
0.892228179285963,1
0.986830678480582,1
1.0099253759083253,1
0.9887640159423471,1
1.1303205645003493,1
0.916608708237816,1
1.0364668356029996,1
0.9298107172467005,1
0.8977428326997862,1
1.10089365383054,1
0.9384617509892834,1
1.1441430135264956,1
0.9976514261282062,1
1.1099040947557124,1
0.9486499472884722,1
0.5621015542336272,1
0.96319401219001,1
0.9310185015183796,1
0.9146162411454907,1
0.7609181579898364,1
0.8656837414686526,1
0.8731076540906911,1
0.8046806570540588,1
0.779527612061705,1
0.7867389824055827,1
0.9358996982900554,1
0.8932789178990427,1
0.7841709334281756,1
0.9778012168667152,1
0.918726192932919,1
1.1395016517617085,1
1.0684800755698327,1
0.8716237772104933,1
1.0564452087137604,0
0.7613379220662283,1
0.9648527104701016,1
0.7769645374285813,1
0.9452887209899664,1
0.9543386303502439,1
0.9921076022656948,1
1.0609080229770842,1
1.1440011239791095,1
1.0305585585922334,1
1.0058822034026604,1
0.867202341078197,1
0.9954513837138291,1
1.0149635278037898,1
1.048432180248132,1
1.0386536412417908,1
1.0966048381203888,1
0.9787773488259597,1
0.881809845004192,1
1.0169582208224504,1
1.179170714826214,1
1.0390204549170314,1
0.905092084692586,1
1.051870036369448,1
0.9434430476887425,1
0.9880936490001199,1
0.8713726672695226,1
1.0896491362245637,1
1.0447046015516852,1
1.0759428779453728,0
0.9834993696713437,1
1.0426893770406591,1
0.817369878347421,1
1.0199888768684418,1
0.9502314799608645,1
1.3426724352842765,0
1.0272138915920652,1
1.1085206142552055,1
0.9496443681333252,1
1.0749405878259108,1
0.83706168814708,1
0.9445979342668177,1
0.8870437706875374,1
1.0486250966456696,1
0.8925390313842563,1
0.8075054509640178,1
0.9227591801247637,1
0.8643921695563933,1
0.8849782386588716,1
0.8756175127999742,1
0.9894322912230066,1
0.9626495378870947,1
0.7962489096318706,1
0.8699183043407757,1
0.8225804732264818,1
1.0299953231942003,1
0.9951423298816732,1
0.8160138904220348,1
0.9386320247950338,1
0.7159092115344649,1
0.9029524125808401,0
0.8103555555851436,1
0.9662608989772932,1
0.9225052019886776,1
1.3046201829703068,0
0.9582905106915449,1
0.910567493252333,1
0.7806494660310543,1
1.101921313751872,1
0.7677660849918102,1
1.0496554370670852,1
0.8912438771719103,1
0.895977985598705,1
1.053905140138684,1
1.0381104641447922,1
1.0816541912613662,1
0.7345584625052961,1
1.027462520624838,1
0.9839185948223088,1
0.9315393706070654,1
0.9020874972780398,1
0.9382943417547719,1
0.993683655138415,1
0.8667729707704496,1
1.1294437475604346,1
0.9063325990260419,1
0.935111908931973,1
0.8996765880032558,1
1.1166202974881894,1
1.0177367075304309,1
0.9707905222265505,1
0.8339484204137756,1
1.013683525427958,1
1.0039105354299391,1
0.867955580749707,1
0.9492399662763084,1
0.835035089509057,1
0.8461833915714567,1
1.1137289722334498,0
0.9705290804373712,1
1.0576248486798696,1
0.9412639466750825,1
0.9098473368318558,1
0.723255141015945,1
0.8730475299839998,1
0.9427364908709464,1
0.9873504538469539,1
0.9552876903391221,1
1.0765567226538164,1
0.9516407551387052,1
0.9785875902440265,1
1.1274736067265243,1
0.9909159877531233,1
0.9804120284118623,1
1.041514144154081,0
1.0521249553501624,1
0.782435650669458,1
1.0676488233345323,1
0.9234243424354291,1
0.8929335746972397,1
1.0434072880396492,1
0.8915276270181813,1
1.093246972986391,1
0.9187065581982977,1
0.9660126867453785,1
1.0324432395335819,1
1.094472290758831,1
0.9461844033338204,1
1.0380141735145112,1
0.8169922896008754,1
0.9945230571528069,1
0.6835680196256708,1
1.0915562094708933,1
1.0268322641823278,1
0.9886682516118566,1
0.8357069746404713,1
1.0094136567196097,1
1.098133469719871,1
0.958576535158606,1
0.9145345031212483,1
1.1017434295898345,1
0.8433429666573183,1
1.1107182863528888,1
0.8331997550882064,1
0.8742491860816072,1
0.8608500492776281,1
1.0216808472032906,1
0.8278841886608594,1
0.7103772210397886,1
0.9818903979936708,1
0.8259995474094948,1
0.8575355311349225,1
0.8585864562010092,1
1.0288909756492655,1
0.9284265152309404,1
0.9991865763137331,1
1.0830560734409134,1
0.9528388773315724,1
0.9291519645655161,1
0.9355177802073587,1
0.9187662793507818,1
1.2508695784117858,0
1.0253019042722302,1
0.9477117457952384,1
0.761096188992292,1
1.084740532412897,1
0.9759909130387918,1
0.9963012882885018,1
1.0199985583998037,1
0.9690941471791393,1
0.8492865838729889,1
0.8864701666237303,1
0.7723500633705739,1
0.969634295936301,1
0.9148120185105298,1
1.137284629970106,1
0.8792189375186857,1
0.9186119925975819,1
0.9245608414806316,1
1.023273147624582,1
0.8633439182085638,1
0.8596555914389087,1
0.8100495193838293,1
1.1991962011487236,0
1.0537931848147655,1
0.8959427281880292,1
1.0646051757018713,1
0.9211297945248675,1
0.6639027020180042,1
0.9520034123100968,0
0.9660857703983412,1
0.889044528213681,1
1.0096837640649357,1
1.3529758601388757,0
0.8639296746390221,1
1.088296142978832,1
0.8875982382264866,1
0.9079368581509265,1
0.9063732503113935,1
0.9829014547820557,1
0.8225165587578601,1
0.9087238673710472,1
0.8771179534681324,1
0.8786599202884882,1
0.987016467084436,1
1.0752948059814864,1
0.8963140934299143,1
1.1289945410488,1
0.8782046949443484,1
0.98520111381495,1
1.0560268045307708,0
1.0124794282990308,1
0.9718705831961764,1
0.9495920203049327,1
1.0448549011837271,1
0.7416664543389573,1
0.9546794974753232,1
0.9786496809517172,1
0.8131649303556268,1
0.9691132472937688,1
0.9503067600312272,1
1.0344673312712844,1
1.0760532978137136,1
0.8776647111091507,1
1.1128216763431853,1
0.8673881548279503,1
0.8357461116918286,1
0.9532887896116619,1
1.002618730035291,1
1.1029867039010663,1
0.9497786713177183,1
1.0997840495513105,1
1.196669907525358,1
1.0394312479759442,1
1.031214486045628,1
0.8452093267683826,1
0.8560377945801629,1
0.8963439070457847,1
1.0077846360824743,1
1.0299828408767415,1
1.0854292074935459,1
1.144818922820789,1
0.8761132908234721,1
0.8930274533893197,1
1.1312573365858136,1
0.9198945521332054,1
0.7349276695816709,1
0.9368684783521796,1
0.9859586268364945,1
0.9821366825993856,1
0.8867287946662535,1
0.9572331902898714,1
0.7993233166515678,1
0.9401102557461117,1
0.8474633325221332,1
1.089126482749387,1
1.1270199671324805,1
0.7554461511488447,1
0.8203482825285432,1
1.1352176345425191,1
0.9980331517205069,1
0.7776759713365327,1
1.0082744415156166,1
0.7996264431107967,1
0.9120748092788118,1
0.9571918360988002,1
0.8685193897093533,1
0.8574663568243914,1
0.9063647204375376,1
0.8022390671601126,1
1.0468367226027544,1
0.8297287649748126,1
0.8520194089453941,1
0.9524982969369529,1
0.9841274652397254,1
0.6973641909591255,1
0.9442739351081029,1
0.9384964390315311,1
0.8494260699045949,1
1.0115550022150646,1
0.9352905923289455,1
0.874788360390649,1
0.992497292121901,1
0.9340733028362576,1
0.8322272438257547,1
1.032303291538542,0
0.8515151489681261,1
1.2282416384987629,0
1.0391611599354356,1
0.964086939899117,1
0.889589537403959,1
0.8631115216417622,1
1.0181260659121754,1
0.8243110494349211,1
0.9801695927910206,1
1.1931611962078867,1
0.8235092538892781,1
0.9312760269697643,1
1.0171805990923373,1
1.1191351383737635,1
0.9523207998098719,1
0.8778825285900086,1
0.9575962378043383,1
0.8292280972563713,1
0.827765947333179,1
0.8737171249676295,1
0.9334058702928014,1
0.9375645129838176,1
0.8562185155318839,1
0.7707979098148471,1
0.8496794499733935,1
1.108561053216263,1
0.8815003943776566,1
0.955387695632086,1
0.9531840525133795,1
0.989808200336401,1
1.112302587578593,1
0.9788862658603996,1
1.1476155103476677,1
0.9177477305179594,1
0.9761368535250321,1
1.0824612966833245,1
0.910801859290226,1
0.8266080681841046,1
0.8266017094590964,1
0.9036391946006733,1
0.931776751768478,1
0.999364509656528,1
0.9134379932201507,1
0.9444764092811038,1
1.0821451210663766,1
0.9641998749957421,1
0.9433755046714295,0
1.0294470409438106,1
0.9639609550762355,1
0.9319980286790944,1
0.7606268469529354,1
0.9263059150046579,1
1.0929774415227236,1
0.8530961653265479,1
1.0260280985783012,1
1.021294884321343,1
1.0383997676765313,1
0.8724910217033075,1
0.9111060146029553,1
0.8657769625692628,1
0.7877772065031049,1
0.9956724227056488,1
1.1220583767990306,1
0.9926319213096367,1
1.021610023483432,1
0.879069369119664,1
0.9215263133504471,1
0.8862948658501563,1
1.0470861193584433,1
0.9648377679036677,1
0.9310171592415977,1
1.0070728924198793,1
0.7964370879939984,1
1.0081485093925817,1
0.9442874952266491,1
0.7848352070408945,1
0.7566751834741061,1
1.0056734353802372,1
1.1475087682874725,1
0.9879252375566697,1
1.026139775605111,0
0.9857142614669043,1
0.9395365202363104,1
0.8923001735465366,1
0.9194345299503551,1
1.13714411162738,1
0.93564910328267,1
1.0339200843289227,1
0.9216165942518902,1
0.8400333049334148,1
0.9762276739494712,1
0.9168286247853099,1
1.0729326295416741,1
1.0882531505837783,1
1.0478798454620257,1
1.0157922101145767,1
0.823845701139825,1
0.8922502619586679,1
0.895035010161236,1
0.808509417953235,1
1.210152977289811,0
1.0567745789734435,1
0.8541721517971825,1
0.9758748391161772,1
0.8330753666709656,1
0.8721291423285406,1
1.0835689030245725,1
0.9201845564036996,1
0.8730912721006909,1
0.8655713724557439,1
1.0840809789061294,1
0.9945334362276446,1
0.892353279107551,1
1.0898736496036445,1
1.0936396729037523,1
0.9719148300406583,1
0.857952836136664,1
0.8977292424316103,1
0.9291595295253303,1
1.004924616014061,1
1.08854031850218,1
0.9570490557336995,1
0.795211482545011,1
0.954668393799675,1
0.9175413037159456,1
0.8660272168211917,1
0.9570215082088805,1
0.8232507186051797,1
1.0273051327161444,1
0.8545327013912284,1
0.752499713822714,1
1.0120895056929724,1
0.9021971991783279,1
1.2118497878222254,0
0.993680243477779,1
0.8845554287859413,1
0.8885714425127663,1
1.0641497707701728,1
1.0026852909073205,1
0.8028499348284828,1
0.7680929588410639,1
0.8516567927443304,1
0.8900361275665601,1
0.9613114474068357,1
1.1314460913703315,0
0.87126953309598,1
1.0190524872341369,1
0.9553185232565655,1
0.848833759311787,1
1.0341113118240117,1
0.799360764632072,1
0.9597046511468719,1
1.0143536946161158,1
0.9892202000320933,1
1.046824395599689,0
0.9412436463719922,1
1.0529054957263826,1
0.9302974933241349,1
1.2265083775147443,1
0.8530317937690595,1
0.8186203473600315,1
0.9126844888646041,1
1.0042424813342912,1
0.8466382828149941,1
0.9420781125544819,1
0.8003403575122479,1
0.9159323255832793,1
0.8652345916535846,1
1.1073742949360588,1
0.9556505987134457,1
0.9913930478183494,1
1.0055149190142645,1
1.0131560987468666,1
0.8850492932164564,1
0.9887542760041821,0
1.082687106274871,1
1.0701442245824282,1
0.8843182083727879,1
1.0141025788222544,0
1.037222776665875,1
0.7972673806416684,1
0.9741316054064328,1
0.7914660046847205,1
0.9525920378532403,1
1.0423453167528598,1
0.8789727642690682,1
0.9271858029915537,1
0.7851706929320151,1
0.9904324089643762,1
0.8758101522828917,1
0.866057375762936,1
0.863930129408909,1
0.8434546786460702,1
0.9670456298193428,1
0.9143473030523539,1
0.8074751898768262,1
1.0049086592027066,1
0.8769883272803941,1
0.7820903341579359,1
1.0802382630686582,0
0.8246137551590098,1
0.7937207875804012,1
0.9509087225383192,1
1.0867084503500712,1
1.020443593579371,1
1.0972682693468157,1
1.0137052443723267,1
0.9082098105164236,1
0.9541789986058082,1
0.9558993208756986,1
0.9346581570896927,1
0.8332051834666401,1
1.0649033105014292,1
0.8926661950567834,1
0.8357768691166515,1
0.8135590542645224,1
0.8366442361813573,1
0.8497606733274603,1
0.8897461919421354,1
0.887140763137414,1
0.8561934675900005,1
1.0032081677626825,1
1.0231751966058762,1
1.0519490785247334,0
0.9639979109639413,1
0.9303351417676876,1
0.8833666486437373,1
0.8211763476547482,1
0.8996175721398684,1
0.8284594496795792,1
0.9522133351060693,1
0.9151930998684938,1
0.965024914623469,1
1.0005302053061884,1
0.9833983330312122,1
0.9192691138630295,1
0.9553817974772191,1
0.6520779813750381,1
0.9377487455669891,1
0.9095187085931847,1
1.028563099962708,1
1.0348902202888368,1
0.7238798662341945,1
0.7612202577913564,1
0.8315747772856901,1
0.9692451336964792,1
0.930073497453428,1
0.9825999440917879,1
1.136703655521265,1
0.9595626144245437,1
0.9632795555686723,1
0.9227205559791894,1
0.8511372982182459,1
0.8842429232908376,1
1.1317782800469,1
0.9448915588352449,1
1.0133132253038626,1
0.826137608892545,1
1.0628537362834876,1
0.8735954559580483,1
0.9652734552217327,1
0.8589116886222545,1
0.9217464148312645,1
1.0618728513170268,1
1.0740415155304186,1
0.913138145845713,1
0.8737056786470505,1
0.9545085050593819,1
0.9717627267536426,1
1.153885023743395,0
0.9628603040938405,1
0.7044443547513863,1
0.961686524108185,1
1.0194882514238037,1
0.8686434571280212,1
1.0282617864666803,1
0.9257194193863189,1
0.9096970764077085,1
0.8853442679219886,1
0.9750463125683334,1
0.9854002025994946,1
1.0073988558450555,1
0.9282214528050229,1
1.0090908669966177,1
0.8707905441219799,1
1.2280299137464588,1
0.973903825259307,1
0.8397295469942936,1
0.8393894451266689,1
0.8603202908092957,1
0.9406094471313765,1
0.7894619583183223,1
1.077713357168269,1
1.1153822014890045,1
1.0215325166801663,1
0.9011737031979048,1
0.8519702964450707,1
0.8988298057311813,1
0.9594834677461154,1
1.0300973950132084,1
0.7803624183128265,1
0.8981459659904657,1
1.1196023667463368,1
0.9733356543842742,1
0.7877104235546608,1
0.9058709710781346,1
0.9339587003126772,1
1.001334905082101,1
0.9328955077965693,1
1.06853507120908,1
1.1123625487681796,1
0.9018875758697101,1
1.0305876168568582,1
1.1166480166168058,1
0.9300917117372435,1
0.8656433137474185,1
0.9504063093669715,1
1.0545120510031818,1
1.165570216830433,1
0.9729092480991195,1
0.8345095334778164,1
0.8868786789869617,1
0.9351391324732377,1
0.9669278353331607,1
0.881828317686511,1
0.9901262085356768,1
0.7274012888166741,1
0.8991767991711289,1
1.141526146181529,0
0.9104071395319189,1
0.8623820769060438,1
0.981610536760048,1
1.1038878141384374,1
1.0386304056575009,1
0.9035783025975389,1
0.9996193260736864,1
0.8042893529646118,1
0.9819544937337579,1
0.8451388641549615,1
0.9979687796838688,1
0.7579607296609391,1
0.8586066799090109,1
0.9575799477980437,1
0.8346222998540826,1
1.0062862485845194,1
1.0690575286694464,1
0.8411342775120729,1
0.9437707900406848,1
0.8060835824112276,1
1.0185466123649773,1
1.0925502990953406,1
1.0387086948101387,1
1.0606246338218073,0
0.7757947789015659,1
0.9034699778288507,1
1.0340102409521066,1
0.9479453686549598,1
1.0656329792918142,1
0.7325444138805873,1
0.9308792781655694,1
1.0413485283427226,1
0.8200329694376223,1
0.797293898662043,1
0.8018749347875365,1
0.6574111505527884,1
1.0062170077570494,1
0.9273182536972157,1
1.1074872092204826,1
1.0473333721805256,1
0.7873824122400547,1
0.9419845317461226,1
0.9786376820687085,1
0.9466184623756814,1
0.924608861462819,1
0.8302898663362328,1
0.7880145495199375,1
0.885150070196943,1
0.8221397055109925,1
0.9994142870844027,1
1.1338583710403727,1
0.8667935547299866,1
0.8354220390446729,1
0.8301628127703187,1
1.0238054618333385,1
1.2139426295831863,0
1.1573070681045832,1
0.8799451995149716,1
1.277407534945025,1
1.1545945902685006,0
0.7524806739401255,1
0.9391885550227578,1
1.018452492398308,1
1.041252196585593,1
0.8734254490204619,1
0.9873004880121911,1
0.8965994505922305,1
0.9752216562176225,1
1.1059370191025986,1
0.8988024269830691,1
0.8646044402668032,1
0.9016803516468113,1
0.8785132510231288,1
1.273316209606398,1
1.0198270367248563,1
0.849423929579189,1
0.9332380087314858,1
1.1168703015733783,1
0.7804400985263116,1
0.8465436650734836,1
0.9220347002949376,1
1.2342663405301688,1
0.9802469381510184,1
0.9179539534034709,1
0.9622124250502598,1
0.8096531561735087,1
1.073871007094929,1
1.1566325042401737,0
0.8897336780956563,1
1.0402146396235836,1
1.0952006788478328,1
0.8756310164207068,1
0.9304583813572579,1
1.0983940578261029,1
0.9405476213921525,1
0.8344403484742259,1
0.8259887641659153,1
0.9598634031115093,1
0.9345244602381135,1
0.9900457197306076,1
1.1048786186902158,1
0.8308830008305061,1
0.9976124524330076,1
0.9020385900630375,1
0.9622078260729255,1
1.0301720012985895,1
1.3132620570297866,0
0.9121855712051053,0
0.663244159159021,1
0.8717241702781289,1
1.0224818553380643,1
1.0183118559905782,1
1.0153395396198994,1
1.004282755958997,1
1.0767948982562694,1
0.9379828516092629,1
0.932031229134739,1
1.0788022357741616,1
0.7189558735749935,1
0.8857584820665217,1
0.6631108906831498,1
0.8419995872011373,1
0.857299691651902,1
0.922721438251634,1
0.8072952351628974,1
0.8611496859836083,1
0.9191196984108269,1
1.0607119745615607,1
1.034517086621034,0
0.7761429120877985,1
1.0102654755304141,1
0.8851562998930855,1
0.9499189765884073,1
0.8304427703771488,1
0.8877124993609815,1
1.0164869544989346,1
0.8584821712818433,1
1.0572183216487794,1
1.0033589318863583,1
0.7828324379479666,1
0.9439510386873379,1
0.9634377215157145,1
0.7233323474282684,1
1.127315793311419,1
0.8015099696980343,1
0.9457219682780391,1
0.8351124906965157,1
0.9037403740835528,1
1.0346913113913234,1
0.8641287200301695,1
1.0710282741231327,1
1.0080186611221698,1
0.793184515363867,1
0.869631784851827,1
1.0225105559009258,1
0.947626213064574,1
0.9991593682143834,1
1.0898350113958113,1
0.9217985322461119,1
0.8705872277742945,1
1.0194382002883389,1
0.8874510337695267,1
0.9392241952144972,1
1.065106689762806,1
0.9617350306869087,1
0.8854452262773451,1
1.187121128326066,1
0.9679192491544043,1
0.7782604429201978,1
0.9647332591267838,1
1.044242875274348,0
0.7993573308528901,1
0.7956461691915471,1
0.9232662900701998,1
0.8832513296853153,1
1.0571477992978227,1
0.8530095752687308,1
0.9762951985848546,1
0.743976780931032,1
0.950402665670892,1
0.9760291589946607,1
0.834285955768888,1
0.8427260131323124,1
0.9651287157358961,1
1.0614244388044896,1
0.862926922580054,1
0.8021734510326135,1
0.9470473345801714,1
0.8972061144295114,1
1.0415784504375716,1
1.0101986535008107,1
0.9435155170639138,1
1.1028642564927957,1
0.8286654229801815,1
0.9751522696005015,1
0.8919124518232305,1
1.023806958368184,1
0.8126813121036778,1
1.029694350990527,1
1.0318932032996693,1
1.0032080654642574,1
1.047527546971598,1
0.9033712123428196,1
0.8730124387635222,1
1.0727368200430578,1
0.8871869141504626,1
0.8400314639954362,1
0.9719584759074736,1
1.0914913858683164,1
1.0602357062247316,1
0.9336144575932294,1
1.0320441977207677,1
0.8523547310326387,1
0.8868397983315619,1
1.0063255798451851,1
0.8867492687567085,1
0.9456381991024262,1
1.0556375960558038,1
0.8920469837611967,1
0.8987700407282848,1
0.964332237459683,1
1.0053858534812963,1
0.8178885995494546,1
1.0776263194161855,1
1.0239043679308235,1
0.9923502102630593,1
0.8721537353824032,1
0.9416976706906095,1
1.012863373694665,1
0.927777814044765,1
0.916226082938454,1
0.8969788481563117,1
0.9737681504902418,1
0.9389878893324973,1
1.0045418672101398,1
0.8852464477791261,1
0.9758894474741089,1
0.7604944496175725,1
1.057387952145855,1
0.9207473342969367,1
0.9643726702024779,1
0.9577728037345974,1
0.8432067891356172,1
1.064733566529036,1
0.9840238980006123,1
0.8747426214072879,1
0.8163674507194962,1
0.9127080582186573,1
0.9823900939977419,1
1.1594344721331757,0
1.1720490415074805,1
1.0791548617907396,1
0.9958951709664198,1
1.041219060139324,1
1.0320670991952734,1
1.0231825683584246,1
0.8004592444553157,1
0.7974279504309534,1
1.120680608071417,0
0.9821363031107226,1
1.002876019277985,1
0.8986348287377005,1
0.9997061029547462,1
0.953164917585135,1
0.8213096994880611,1
1.188649140754939,0
0.7740204410309643,1
0.7444063700916387,1
0.9315184689570937,1
1.0693549307077908,1
0.9196942777952879,1
0.9815211505676682,1
0.9237624791366851,1
1.0041821633072403,1
0.9165863717855649,1
0.9936549697347348,1
0.9796419202723543,1
0.8650868133387597,1
0.9038292508782773,1
0.7496394372215951,1
0.7835086870345356,1
1.0813869137282588,1
1.0934998891971843,1
0.8012712580339967,1
0.8284760666649486,1
0.8767858818388424,1
0.865342985080022,1
0.8222597276134147,1
1.1688639448038374,1
1.026548183939581,1
0.853294273438066,1
0.9917009269676996,1
1.0624464968239007,1
0.9500415540441789,1
0.944643122208204,1
0.9259354332268761,1
0.9233479510793222,1
0.9533669039881366,1
1.109177070659867,1
0.9494375345169686,1
0.9799769168764926,1
0.8121251833739022,1
0.968611926045704,1
0.9297123805193162,1
0.8851519211766391,1
0.9258561457210703,1
0.9439477038712379,1
0.8541998981841497,1
0.9462242070513986,1
0.8687322317991777,1
0.8033362893483907,1
0.7662031626465746,1
0.8740431125222886,1
0.8597981325381432,1
0.7204459373248796,1
0.9922197617966746,1
1.1274955891289704,1
0.7757893871936317,1
0.9082121840569846,1
0.9398349521471699,1
0.992480165703782,1
0.9609652322545705,1
1.00149061529673,1
0.9295564987591464,1
1.1176816474340603,1
0.9509393922112155,1
1.0741458849792065,0
1.1451713773496606,1
0.9198308024618238,1
0.9961796368561531,1
0.9742617882006579,1
0.8036068440964593,1
0.9325222328235367,1
1.0380606594708304,1
0.9717822751172632,1
1.0416834785318034,1
1.0866818975957948,0
1.184300537884688,1
1.1578769689383361,1
0.9132808451103716,1
1.0816259867872962,1
0.6938653678810159,1
0.8441798610345704,1
0.9985871765074749,1
0.9477178066539351,1
1.0544845258267757,1
1.1084048000570874,1
0.8136103939288224,1
1.0664435680749267,1
0.9294044724817667,1
0.9505022535257427,1
0.9885821290572747,1
0.7811549151353774,1
0.8171293882669403,1
1.0151668345109974,1
1.0282703686077497,1
0.8943675185728365,1
1.0497631368304838,0
0.878455057854991,1
0.9439748342638493,1
0.8655652176039075,1
0.9358575781219489,1
0.9595821129767432,1
0.780886581757654,1
1.0107543723644068,1
0.8362275573357603,1
1.0303389740330164,1
0.8119241941521431,1
0.8857786686664038,1
1.0569889081282282,0
1.0026371544225094,1
0.9613245047305308,1
1.0662021156444752,1
0.8158279961888306,1
0.8251156203253418,1
0.7795840449468292,1
1.009351608991432,1
0.9202211559787349,1
0.8443858805525336,1
0.9570071250344531,1
0.9402810903424624,0
1.0288736455224234,1
0.8858103714182515,1
0.874469695973669,1
0.9269054516949836,1
1.006558331237458,1
0.7717595197528585,1
0.9530052898240613,1
0.9656009922653237,1
0.9735654718350717,1
0.9850359528227657,1
0.9424571834956915,1
0.9791174723370842,1
0.9592970772854652,1
0.741740781554422,1
0.8734440858175917,1
0.9534799744759833,1
1.0180890133958465,1
0.8128457673947649,1
1.1369807500310838,1
0.9174764502570945,1
1.0426625768875168,1
0.9933998734043668,1
0.8725805274921503,1
1.2397982779665209,0
0.9036464392822594,1
0.9729836011524031,1
1.034805475243116,1
0.822253565183096,1
0.8430616840932152,1
0.6757268113651714,1
0.8570459644862933,1
1.0072605156747088,1
1.0389035374519078,0
1.0662248231777487,1
0.8520119643708257,1
1.0134215027040234,1
0.9992454333897124,1
0.8412443566468807,1
0.9574981495031228,1
0.9847019655492886,1
0.6499557358345921,1
0.9252097985383412,1
0.8844434710291988,1
0.7873744814623207,1
0.832609261575368,1
0.9592224233788254,1
0.954497889892282,1
1.0475568961448563,1
1.0591988684103781,1
0.760354994495834,1
1.003884862964345,1
1.18211454320483,0
0.8870890349954877,1
0.9111581227597861,1
0.9962308518877862,1
0.8839979134984239,1
0.9556433308051626,1
0.8700533104926278,1
1.0146491716248196,1
0.821826049334468,1
0.8909758743262911,1
0.902514320994484,1
1.0941105819633192,1
1.1801494466701996,1
0.8647447114799428,1
1.134165146531095,1
0.9393479075323063,1
1.1988678718201653,0
0.822545473742657,1
1.0037531267043458,1
1.0092117072405098,1
0.9043812489772968,1
0.9737855969214706,1
0.9364681255892284,1
1.0130536228017575,1
1.0791952014824266,1
1.0188553188956178,1
0.9169876102944383,1
0.8985981627149847,1
1.0674372554328735,0
1.0553327106824404,1
1.0577330323948773,1
0.7577291002576161,1
0.9736348832140513,1
0.8102783776232909,1
1.0813785780391545,1
0.8578997026045361,1
0.9843962630915584,1
0.8089254486314823,1
0.9313462512999093,1
0.8539901093169788,1
1.0259265438536747,1
0.8635437572760142,1
1.1070757441312566,1
0.8204069511817309,1
0.8643736142659663,1
0.9362459519586518,0
0.8676471212633987,1
0.9651727759350756,1
0.8666083344146636,1
0.9622451322808139,1
0.8835733164953022,1
0.8198888745923916,1
0.9023222351024145,1
1.0332193446037778,1
0.8775518198417507,1
0.9874324130125862,1
0.7993364133115697,1
0.915850771438478,1
0.8866684952203746,1
1.0620701483524866,0
0.7580231142897977,1
1.0676337039922026,1
0.9660459457589613,1
1.1098170661268374,1
0.8716315986453669,1
0.9692327075017095,1
0.9786446559737849,1
0.8961045584147059,1
0.9470380015115701,1
0.9938263129119062,1
0.903408942472,1
1.1123531000084603,1
0.8246348626386671,1
0.9378942134760211,1
0.8647670670007283,1
0.9818466185355949,1
0.715528075339587,1
0.9196454759417569,1
1.0026131029913978,1
0.9223724860249952,1
0.8777082063749315,1
0.8963109803219652,1
0.9109269261801608,1
0.9760264091252705,1
1.0564986080569798,1
1.1344680587498477,0
0.8936883154570856,1
0.8588603225568721,1
0.9696592269899451,1
0.6957341990092816,1
0.8952582743823934,1
0.9398696216092952,1
1.1059036756819767,0
1.0611270610471912,1
1.0364864978064285,1
0.9119369546199574,1
1.077589367898013,1
1.0201172772357863,1
0.9593585692086251,1
1.0870664205288536,1
0.9305924366566652,1
0.8309555271045673,1
0.749172699566118,1
0.9502081292981481,1
1.203767481418864,1
0.9007766841395682,1
0.9399430114565179,1
0.9846712140683084,1
0.9002002791111688,1
0.9029523278788848,1
0.9852414892887492,1
1.1827066617722426,1
1.1695025280764484,1
1.0097245643003516,1
1.056014758424248,0
0.9744438095624338,1
0.8992546427081107,1
1.0915536207254664,1
0.9267081338668888,1
0.9644095987717973,1
0.9249746854856773,1
0.9786540914713356,1
1.0475184986202186,1
0.925216693618959,1
0.7792003446849917,1
0.9930014315350719,1
0.7655292743810045,1
0.8411470661869518,1
0.9053135173286376,1
1.1731063800257084,0
0.8503766401714792,1
1.0760864720773444,1
0.9242987329666308,1
0.9696109785540334,1
0.8504404536728614,1
0.8478587330762645,1
0.8386162679123872,1
0.8886117116973865,1
0.927072817923432,1
1.0815787686114757,1
0.9391377283472921,1
0.9498923330418512,1
1.0427340852018903,0
1.1136645832020022,1
0.816925639024005,1
0.9501171647558742,1
0.8660241803189419,1
0.9314288972180353,1
0.8840873882781858,1
0.9260682998471654,1
0.996827421320259,1
1.0398393127119738,1
0.9642527739028742,1
0.8191177576367746,1
0.87305312923988,1
0.9194042349887923,1
0.9947928509900099,1
0.8993135633474306,1
0.8404060244599292,1
0.8888107454351154,1
0.856561905683168,1
0.860994192075494,1
0.9220737489497212,1
1.0190119831452344,1
1.0283177374460717,1
0.9194147223194086,1
0.9111586637281174,1
0.9516262129969483,1
0.9639711404129803,1
0.9040491923228754,1
0.89412779588241,1
0.9874187702014275,1
0.9201190475807576,1
0.8093200052763075,1
0.8576673197279221,1
0.7744063034505488,1
1.0447845519625392,1
0.8137255309806692,1
0.981957219720917,1
0.875193159150894,1
0.9979286180262262,0
0.9286477979500464,1
0.8941270979472947,1
1.016997424364023,1
0.8557595478190305,1
1.0425574886867413,1
0.9258764477635043,1
0.8599465116100993,1
0.9350177989795321,1
1.0377602412918319,1
1.0688724136395868,0
0.9217862836519926,1
1.026477875767388,1
1.0381239025819209,1
0.8572563826979791,1
0.8269591325058943,0
0.8243035764806258,1
0.767352761902486,1
0.9600717382898143,1
0.9607864232282118,1
1.0248163860707211,0
1.0022603994498591,1
0.8812163436960806,1
0.9551966619833945,1
0.9174916113461772,1
1.1655708397883977,1
0.7667987093935369,1
0.9538320465604587,1
0.8608687586852537,1
0.7680524273464605,1
0.9606965117612035,1
1.1436481766289843,0
0.8700280333971898,1
1.0374149948539655,1
1.040127492533776,1
0.8599966492396619,1
1.0032979567209552,1
0.9690196103619714,1
1.1234285973459301,1
0.9498453323046862,1
0.9552940829868903,1
0.883992308905617,1
0.8814092225426835,1
0.9715041119055894,1
1.055893122139791,1
1.0359277922654235,1
0.9001416606947311,1
0.8587092472164354,1
1.0896092264542683,1
0.8551346422132831,1
0.9072456056273691,1
0.8889926470492552,1
0.9624310191614778,1
0.9714994859394293,1
1.148038138054336,1
1.027438691227542,1
0.8570326475630027,1
1.1525233762261664,1
1.0267503489980225,1
1.1708879175364164,0
1.0872706844578004,1
0.9854609840790496,1
0.9778581424685662,1
0.9232456305872526,1
1.2645938751061152,1
0.9616080115542919,1
0.9799080734210693,1
0.8982375125542948,1
1.1166645176154955,0
1.0235349396147417,1
0.9009265367452952,1
0.9894304848907103,1
0.9314521683837981,1
0.9041807261316525,1
0.8475790853930308,1
0.9511077295226998,1
0.8531237913946866,1
0.7984211395095653,1
0.9177028721406049,1
0.7674974181755294,1
1.032983207539945,1
1.039969300149277,1
1.039998611509867,1
1.0310423895657883,1
1.0666681985716617,1
0.8226994914496947,1
0.9683797677991163,1
0.89057114226537,1
0.9462507364948026,1
0.8376541332024159,1
0.8422244976582882,1
1.0785759136409507,1
1.0537302858248028,1
0.8561512079529966,1
0.9646884388073046,1
0.8645156524410372,1
1.1420802979321052,0
0.8097251091177103,1
1.0620349174065313,0
0.8626178378600742,1
0.8522136502251658,1
1.0728209981232335,1
0.8837422721926419,1
0.9603264752169207,1
0.9285811129843935,1
1.0414384695297239,1
0.9529656529112417,1
0.9633782756394297,1
0.9259652751681378,1
0.8362786630816197,1
1.0665345469286172,1
0.9319261563792988,1
1.1408471038480879,0
0.8528889786372505,1
0.9670836682413787,1
0.8880822353866409,1
0.9895807797143307,1
0.8552528257584155,1
0.9474273867627768,1
0.9597780327926704,1
0.928094456934365,1
1.0774444344850314,1
1.0768941703065495,1
0.9961444884702146,1
0.963017757024616,1
1.131892086423958,1
0.9770830138549796,1
1.0134988130966454,1
0.9215037122754325,1
1.1096411054757225,1
0.8098177460712945,1
1.0307571312943402,1
0.9903971070205194,1
0.8517970362454179,1
0.8750232100448113,1
0.9806177642718688,1
0.9610334731586571,0
0.9430589033412032,1
0.9795887171401652,1
1.0198733072311914,1
0.9056620703797015,1
0.8204548324174739,1
1.0531725025461347,1
1.090042469597556,1
1.070146433699831,1
0.8135053682224286,1
0.9647456509856517,1
0.8593396966129974,1
0.9735037147914378,1
1.155823304089478,1
1.0858365199952904,1
0.9715091619212899,1
0.8450178246558541,1
1.2538603354826647,0
0.8421469139650928,1
1.1228074166663853,1
0.9789651658097862,1
0.8308019251031731,1
0.8699544406722161,1
0.9833421726451929,1
1.121548170162769,1
0.7542066574321555,1
0.9472718009560029,1
0.8462424263609114,1
0.9674598749097468,1
0.9507975890439396,1
0.9977093413976761,1
0.9458752298001882,1
0.9875601799196837,1
0.9963807670273687,1
1.0658602072025,1
1.2852725770111584,0
1.0080198448111415,1
0.7506415199813461,1
0.8797870639910227,1
0.8243536609913062,1
1.009158835448746,1
0.779551011588049,1
1.0333715705619644,1
0.8562202305140932,1
0.9646955299178147,1
1.0054877627597385,1
0.8240801186302651,1
0.9391765833492786,1
1.104753781197207,1
1.2067854880599076,0
0.9851711561032568,1
0.896778275584042,1
1.0292806788604114,1
0.9720116379463207,1
0.8637499631322125,1
0.9328148544805783,1
0.911605329044899,1
0.9540558362770462,0
1.0309234505340252,1
1.0398851536663483,1
1.0539932112217543,1
1.034843091760063,1
0.9659885400528642,1
0.9493860740244016,1
0.9659771828680982,1
0.848544621597765,1
0.7043691472395895,1
0.8320441842717365,1
0.8659512684663693,1
0.9238234144061335,1
1.056823903507056,1
1.0402595421970005,1
1.086743022037926,0
0.7576618411927389,1
0.8085369662506896,1
1.0240876186108672,0
0.9146216011923792,1
1.3675703190647917,0
1.0153722818369333,1
1.060284863152968,1
0.616475787929218,1
1.0427525250954468,1
1.130729362505686,0
0.770303473801617,1
1.0109478172851538,1
0.8322892589839186,1
0.9370690630378431,1
0.9451355796605704,1
1.0173084372551955,1
0.8608335189890733,1
1.0138556838721648,1
1.066654646609544,1
0.9274913130112449,1
0.7786518746557511,1
0.9860366283002729,1
0.9382305788658744,1
0.8589000622947097,1
1.131808458822399,0
0.9296722302292987,1
0.8833248568059601,1
1.104567189448429,1
1.0999786583456979,1
0.8166798580701838,1
1.0217365818717692,1
0.9757803200162408,1
1.0741619525061048,1
0.775857364940415,1
1.0471478022246448,0
0.9892804224889106,1
0.8134217468612612,1
0.8755227833149614,1
0.8895596435524907,1
0.909351484966597,1
0.8941826971686972,1
0.9502562168579763,0
1.0067738574429463,1
1.020814550994312,1
0.9705719174342898,1
0.9725896948372713,1
1.0330238044431321,1
0.9119649959621928,1
1.0972543770840923,0
1.003914811277498,1
1.0390075688620537,1
1.0583088899939286,1
0.987354372665573,1
0.7671903017398788,1
0.888481306698017,1
0.8174677537294766,1
0.9884330611263551,1
0.949758243866998,1
0.8484686520151172,1
0.8732727057006721,1
1.1214044114318256,1
0.9292650815508073,1
0.921916684321403,1
1.0479941084549504,1
0.8815200139708561,1
0.9836891912740302,1
0.7642586663021975,1
0.9447023821499643,1
1.0071698897515526,1
0.9719433068397755,1
0.9664077289489897,1
1.0701607912690552,1
0.8905726952336399,1
0.8133531389462844,1
0.8617256429076445,1
1.0249137588155988,1
0.7360293422157613,1
0.9824278106974994,1
0.9686992798668316,1
1.078350049307021,0
1.0194284305141599,0
0.8432476729614437,1
0.8755832498964589,1
0.9754900394333506,1
0.855294645077904,1
1.0945482518653997,0
0.8350929644307152,1
0.9875174770771606,1
0.870337517828969,1
0.6627608628511806,1
0.8581634924376733,1
0.9438797338730497,0
0.9342799228277922,1
0.9760191619779731,0
0.9989841367783142,1
0.8758510229860369,1
1.0000085211065435,1
0.9354483049929825,1
0.8300220462671438,1
0.8237076546288111,1
0.9593798467944401,1
0.9645483118714737,1
0.7870704773587825,1
0.9499331439266508,1
0.9870212085067688,1
1.010620697162004,1
0.943085388207887,1
0.8359378030665888,1
1.120198417790461,0
1.0126397446946676,1
0.972422879757489,1
0.9749359160794128,1
0.8703603424535784,1
1.1099819211976416,1
1.1127679289360621,1
0.9854377138546879,1
1.0599748817578938,0
1.0801569253650722,1
1.0591322717708427,1
1.045429216048675,0
0.855431727640366,1
0.9056439822535253,1
0.7586864907909516,1
1.0176440677070882,1
1.1215855417437064,1
0.9117762241918104,1
0.9054774768000999,1
1.0004728801642595,1
0.7547283050143382,1
0.9209079100868413,1
0.8569677190655045,1
0.903105344665044,1
0.8402248662154008,1
0.9090431384513138,1
1.017238437588322,1
0.9222281427034934,1
0.9322866131866018,1
1.1043841531011755,1
0.8847100707343163,1
0.8339849212167334,1
0.9808276929066729,1
0.9538374746035959,1
0.9354223227964544,1
0.9801869101899522,1
1.0004826028647706,1
0.9138879531826763,1
0.8887791704413778,1
1.0332265543078332,1
1.0823368746674875,0
0.9381099583665483,1
0.9529798847636726,1
0.8913452651399866,1
1.0880337798820037,1
0.8583738155350922,1
0.9789741592734127,0
1.1261961527295417,1
0.8176650870847539,1
1.1114865364548043,1
0.8961917694605127,1
0.9928017765075473,1
1.0066261884542242,1
1.0875041001066645,1
0.8367897599811671,1
0.9212145437980847,1
0.9254735818863074,1
0.8823252252909691,1
0.8629796713196507,1
1.1732113723768227,1
0.9211196660718065,1
1.086061128651422,1
0.8042775108877764,1
1.0978071891071222,1
0.9705350638007316,1
0.816007814013307,1
0.85685715175923,1
1.091066716150256,1
0.9914562942666157,1
0.799128036310897,1
0.8976631259546541,1
0.934630981199062,1
0.9816979407886061,1
1.0162258874665964,1
1.0562863223357393,1
0.7880381096435102,1
1.1575897314816737,0
1.0372478688018711,1
0.8706332906612824,1
0.8496229004530693,1
0.884859989149645,1
0.9227875733298375,1
1.0637568553674304,1
1.0349842138242744,1
1.1211877996505744,0
0.8793116397531816,1
0.9866442108029018,1
0.7765340152566007,1
1.0645509148801326,1
1.0982383454349978,1
1.109390102202834,1
0.9490788608861463,1
0.8666614107627817,1
0.91265535431364,1
1.1377983699511653,1
0.915549970266833,1
1.0667359566013443,0
0.7979582733212192,1
0.862593982180161,1
0.8733026891866696,1
0.7589225636068774,1
0.9931493619787076,1
1.1744117441867967,0
1.052262037706683,0
0.9831108814002674,1
1.077386109935412,1
0.9263016422399398,1
0.8010593699278928,1
1.1187529084255268,1
0.9483628830244575,1
0.9415526788053259,1
1.1442164644942345,1
0.8832514920809162,1
1.0922988568637093,1
0.9155616702035447,1
0.9149454890651055,1
1.035878903126652,0
1.0422321949067408,1
1.0830644557743918,1
0.8900759799560373,1
0.9724521282582287,1
0.9130676386971185,1
0.8429947053605961,1
0.9372399479439305,1
0.8574375791754387,1
0.7569409189020042,1
1.0701287333684766,1
1.1416702625248245,1
0.9217433073911735,1
0.9429874912486798,1
1.0199159907515405,1
0.9395106256279688,1
0.9914419271568656,1
0.9556220345094969,1
1.0570592948313817,1
0.9118651513247552,1
0.7607339675663276,1
1.1073210833569491,1
0.8973444118240219,1
0.8432857764654849,1
1.0890615732736728,1
0.8472813496889302,1
1.0697735621625033,1
1.0719204962112439,1
0.9576873742674505,1
0.9715173665046362,1
0.8462806740750046,1
1.223910602846511,0
1.0166771113426039,1
0.9505439189763301,1
1.0340295980553313,1
0.7736324790671483,1
0.9739650650944023,1
0.8281381328861039,1
0.9567543337281018,1
0.9951524231099684,1
0.948423073910307,1
0.9392149450488795,1
0.8668789141356881,1
0.9985025443249121,1
1.1280032196330536,1
0.8564726753990931,1
0.9295181098149886,1
0.8919456645138567,1
0.977631203541815,1
1.051575145101586,1
1.0169624609976429,1
0.8480720239159496,1
0.8844139350470396,1
0.8673671265026119,1
0.7924529462553302,1
0.953291782746531,1
0.7825891675189324,1
0.7412063367260694,1
0.8238360862348215,1
1.062476899478538,1
0.9609347492202879,1
1.0723768759081567,1
1.033370991747458,1
1.0565484156587972,1
0.9541607780371677,1
0.9622998068915986,1
0.9397001225814612,1
0.9716697303929518,1
0.9845701966727869,1
0.9437251076304761,1
1.0160771887961173,1
1.055178527727251,1
0.9993912458901535,1
0.9434767480728299,1
0.9372382204802674,1
0.797096913474567,1
0.9245066982412892,1
0.7940395111799927,1
0.851774105453648,1
1.0659947481345187,1
1.059257578798868,1
0.9534030677275924,1
0.9613468272672868,1
0.9856215547712373,1
0.9219453062093103,1
1.1503346392232454,1
0.9850029364717251,1
1.0868987798727971,1
1.01792774561348,1
0.790472816473855,1
1.084626047881316,1
0.8342208766117943,1
0.8471307012144558,1
1.117275570064131,0
1.0997340097829267,1
1.016231588930073,1
0.9221837442267361,1
1.0956389398149013,1
1.0588608108157236,1
0.9540976332638837,1
0.87667625586519,1
0.9546719715091521,1
0.9749226514965365,1
0.7536796230798178,1
0.6983776585387971,1
0.9262736579516074,1
0.830869341476239,1
1.1219487005441149,1
1.0373071884503289,1
0.8578071915451014,1
0.935888088366155,1
0.7543003647579404,1
0.898181811924779,1
0.9839618824060027,1
0.8991896428357015,1
0.9227087373200076,1
0.9662022658806624,1
0.7699873510454447,1
0.9781523237977497,1
1.229472025856118,1
0.951297442081806,1
1.0939425147710842,1
0.7913956086101656,1
1.0854434101154755,1
0.8466351980402896,1
1.0501436182545194,0
0.8101067281188262,1
1.085644258675772,1
1.1364140170426262,1
1.0016502822035247,1
0.9429459306834171,1
0.941171829447124,1
1.069401468480593,1
0.8992740369456743,1
0.902969737201408,1
0.688671211393829,1
1.029430006522238,1
1.029957670902688,1
1.0300007293868882,1
0.9847894803286509,1
0.8777766407672987,1
0.6699945952954096,1
0.7947477469629426,1
0.9172951186191379,1
0.9075845704164489,1
0.9144430570175578,1
1.2679670637905693,0
1.0330492149383703,1
1.1534791883270725,0
0.9064192538224729,1
0.9582353160444146,1
0.889386708508762,1
0.9871907962886838,1
0.9574302892605598,1
0.9710393708326462,1
0.9423917801627887,1
0.9212047438864777,1
0.9947106280681718,1
0.9637104633679882,1
0.8942062441432106,1
0.8778505026802159,1
1.002083712645447,1
0.8578441724485002,1
0.8397965184141217,1
1.02884939621814,1
0.9526330966451025,1
1.3453869725642944,0
0.9215817851792083,1
0.8193964206289188,1
0.9453211112081,1
0.83327207164431,1
0.9880669542986025,1
0.8697051683693307,1
0.8875287038510536,1
0.9995963256025203,1
0.8605172970933359,1
0.9543434849487761,1
1.0958273245855044,1
0.8793597217635343,1
0.88208508868438,1
1.03003679605775,1
1.0195325111177986,1
0.9562202331673383,1
1.0110145848744283,1
0.912711218330861,1
0.8458717503577713,1
0.8063510915581148,1
0.8782604646632902,1
1.0210882120035594,1
0.8043844450101016,1
1.0557493461652188,1
1.022233980824213,1
1.139030648879845,1
0.9446109367775807,1
0.8004251823012447,1
0.8461978835896129,1
0.9639833936772234,1
0.8863252978896854,1
0.6631282982108935,1
0.9236071779245268,1
0.9255192637775096,1
0.9883383079857333,0
0.9855276382511893,1
1.0081022655403544,1
1.1318662287171053,1
1.0152311495878525,1
0.9286225994185849,1
1.1054825589097264,1
0.9037934748719543,1
0.7654249928983786,1
1.029853278706672,1
0.9558417635749117,1
0.9495377838061453,1
0.8201067003077939,1
0.9255528566030476,1
0.7853166317089083,1
0.8120977013310338,1
0.9983388447777362,1
0.8321715777175653,1
0.8899128239138732,1
0.8479068716194859,1
0.8311682307160745,1
1.089141493278086,1
0.905570881052941,1
0.8096057853128731,1
0.9182216707953387,1
0.9980944574517657,1
0.9915921066865409,1
0.598239171970818,1
0.8944108042887744,1
0.9659415933373834,1
0.7867836583910113,1
0.8919245443382444,1
1.109651190673015,1
0.8656241400924555,1
0.9740944099309556,1
1.061197429432994,0
0.9629119035973215,1
0.7482328385100775,1
0.7640894118768491,1
1.0271735702924962,1
0.9742638529767593,1
0.8351500618703949,1
0.8326972936470973,1
1.0894059304192205,1
1.0152932801728127,1
0.8871810177472383,1
0.9221187569981247,1
1.2046780445232064,1
0.9440194485209279,1
0.831919302493708,1
0.9408395933173415,1
0.8857932354852014,1
0.9707084012014109,1
1.0098151504902095,1
0.9619851398100757,1
0.9375822252409931,1
0.8500067777351787,1
0.9421265242044142,0
0.8920520009601591,1
0.9633125026259353,1
1.1813255752168041,1
1.0063920871969687,1
0.9698218396751648,1
0.9587006466075116,1
1.0928297411473653,1
0.9959363492135692,1
1.110303575306291,1
1.0326529069122041,1
0.7411044619443037,1
0.8400743068864861,1
1.0620552104586976,1
0.8344130267229233,1
0.941405203635695,1
0.9589255266386677,1
1.003751964326686,1
0.8748481599715568,1
0.9322546121164184,1
0.8913784522613608,1
0.9723356699183674,1
1.070928680737222,1
0.8175036642582709,1
0.9902390901131404,1
1.1593858765174516,0
0.8324541619302108,1
1.1382832993055054,0
1.0534983971121392,1
0.8535086478519036,1
0.9656983538498962,1
0.7258228236940549,1
1.0176879086190058,1
1.0591453913028193,1
1.0307678256983785,1
0.9310539623130109,1
0.9664085858083517,1
1.1074436381784043,1
0.8670339386057857,1
0.909479524499089,1
0.9599135996806186,1
0.8690594431329395,1
1.0398642992167044,1
0.8930473008383919,1
0.8654048068463982,1
0.7229367054599194,1
0.9784719349391128,1
0.9793966944920434,1
0.9045732995466512,1
1.0203984611563155,1
1.0356099783056147,1
1.0649044925896831,1
1.1652746242560048,1
0.9080534591588696,1
0.9484591971465726,1
1.061183010612074,1
1.103996528113639,1
0.8695032046040942,1
0.7708913386082121,1
0.7388280081246914,1
0.945330406748201,1
1.1344539256958437,0
1.0086152927568022,1
0.9938082938588474,1
0.9352540446680991,1
1.02417105710698,1
0.9797230566867475,1
0.8703117328254291,1
1.0249165788613848,0
0.8698916676124104,1
1.0651362510510534,1
0.7888764217967521,1
1.015683018426007,1
1.0155576951202994,1
0.7934272971811293,1
0.9072060385072971,1
0.9218050048409271,1
0.9967655388109674,1
1.1291784758861703,1
0.8225395335780425,1
1.0212689635533483,0
0.8895639855522178,1
0.9994112998029951,1
1.065454676012353,1
0.8389297285346955,1
1.0322295843306732,1
0.9809716704384928,1
0.9146869468819824,1
0.9577668942448477,1
0.7824828655104539,1
0.9875581809428953,1
0.953287854912154,1
1.063136892526841,1
0.90854245311591,1
0.8765170705129522,1
0.942092630086678,1
0.9780854864282628,1
0.7793314414240016,1
0.9096977095810044,1
0.9475047892151991,1
0.7474799745864895,1
0.8766439938310533,1
0.9561783544562004,1
0.8402071945265723,1
1.1208456348767621,1
0.9687621346677663,1
0.875482031383846,1
1.0561041184470623,1
0.7869629609704424,1
0.886456436876891,1
0.982635314351735,1
0.8715296881289469,1
0.8225593728040955,1
0.8548080919346505,1
1.0190253603379573,1
0.8504369098831766,1
0.897492992923018,1
1.0889507992319978,1
0.9008011419879234,1
0.9444705683484681,1
1.0965629281954734,1
1.0432392396675625,1
0.8495784854997177,1
0.8254404254293206,1
0.8904691387081701,1
1.0673219769665487,1
0.8217741393944509,1
1.076883536075782,1
0.8062279360883949,1
0.9312607247303181,1
1.001265350691428,1
0.9575341584783924,1
0.9285485418157755,1
0.9281338904789628,1
0.998691288405915,1
1.0151313527338344,1
0.9380476878899314,1
0.8046812557822954,1
0.9989742486100046,1
1.017891894477219,1
0.7874260718287709,1
0.8957910102465596,1
0.8581017464802727,1
0.9199963146329347,1
1.045390522551806,1
0.9826045887594904,1
0.9601522284837863,1
0.909623159666538,1
1.181122374062889,0
0.8958051427527302,1
0.8172156933741175,1
0.7952654526844369,1
1.1263538706114016,1
0.8455889022967736,1
0.9243915265683111,1
1.042953190390615,1
1.005758665428305,1
1.024797831456846,1
0.9687308125843028,1
0.8933547383043788,1
0.8580897788148028,1
0.8165399906640795,1
0.8719121051790478,1
0.7209366292644457,1
1.0409481827672105,1
0.8998080855519368,1
1.143841044573012,1
0.9522343356532486,1
0.8779236315961878,1
0.9456422847237314,1
0.9371754750733309,1
0.8483648217103428,1
0.8532227377841545,1
0.8495012120567842,1
1.0647261003504418,1
1.0400322770847723,1
0.9981219864855629,1
1.0124989724794746,1
1.1184781618079005,1
0.8236207519513368,1
0.9768860744265264,1
1.0755526200619347,1
0.8699034553601378,1
0.9994005068518588,1
0.845367213227937,1
0.9960928073600511,1
0.818345665429907,1
0.8174919549110509,1
1.1119372496012954,1
0.8121387656093988,1
0.9839053744655292,1
0.814646174588413,1
0.8893720701976531,1
0.8493736388909108,1
0.9484461718297995,1
1.1548578412072017,1
0.9199919202639779,1
1.0662905266757905,0
0.8970871441688771,1
1.0177212786318348,1
0.8673842346687094,1
1.0084556111084146,1
0.9825285861649147,1
1.1503233252946998,1
1.0165110985421069,0
0.916256512690797,1
1.0482719303400314,1
0.7848022250077418,1
1.0765423064228954,1
0.9020325358251351,1
0.8920936922603834,1
1.0508164901774473,1
1.0203370951110382,1
0.7543827333217299,1
1.2121372830145556,0
0.8827082325915032,1
0.8867763201762774,1
0.9952219117578639,1
0.7202348233612555,1
0.9080953744432556,1
0.9118621978876823,1
0.8087922501546966,1
1.045778454254234,0
0.9409641084459031,1
0.9548923899142392,1
0.6778286566232532,1
0.6914563169295472,1
0.9035976783642231,1
0.900168126578293,1
0.882308079262017,1
0.9950565344927838,1
0.9685256820272858,1
1.013808820402564,1
1.1936432832423018,1
0.7430161385509124,1
1.1405887145305535,1
0.8197909528133186,1
0.9809263799603227,1
0.9777349202305452,1
0.9128252541678392,1
0.959519172500881,1
0.9984667843189695,1
0.8656738682125774,1
1.001214558446042,1
0.9741109451926546,1
0.7654805904864127,1
0.8858399535538574,1
1.0131411773745094,1
1.0582147497790615,1
1.111701863689205,0
0.8759060109495097,1
0.9831734407927486,1
0.977710235124083,1
0.8950709895765058,1
0.7756942735225726,1
0.7704877139957368,1
1.0429805572369109,1
1.0013022187909149,1
0.9282060113431979,1
0.9830870798567632,1
1.0394300052140126,1
1.0301154086479234,1
1.0287385817128079,1
0.8802578172178624,1
0.8526911982755067,1
0.9826253503938424,1
1.0936448650982997,1
1.0139165575344118,1
1.1019203619564475,1
0.933198942074979,1
1.1639133523739194,0
1.0439991640790287,1
1.174085179264214,1
0.6736347683248829,1
0.8364530490837263,1
0.8238472085689865,1
1.0694092722969857,1
0.9486207997857011,1
0.9769120249851779,1
0.9180618788038717,1
0.7782557383243665,1
0.8648601481931688,1
0.9285182912943966,1
0.9492785541307432,1
0.9126450587903323,1
1.181670037268773,0
0.939318113362332,1
1.0327812958748366,1
1.0253372557316303,1
0.9142315108689612,1
1.0765496288034346,1
1.0922007008863315,1
0.9752282215508588,1
0.8098774438292803,1
1.0553480743586539,1
0.8631937750766283,1
1.098625166379676,1
0.9888104842684536,1
0.892607525386049,1
1.009440809304408,1
0.7731333825826364,1
0.9506674163373056,1
0.8674229047935704,1
0.9158881694860854,1
1.0578467166311656,1
1.0498080311915892,1
0.9725379573430011,1
0.9925963009673793,1
0.8600710104699039,1
0.794354746529397,1
0.8813667562727813,1
1.0179011287087951,1
1.0659075335888928,0
0.8038263231946551,1
0.8241753984260821,1
0.8929354061753157,1
0.9742758043604293,1
0.9849278000625293,1
0.9234908941426561,1
1.0920699616794554,1
1.0314696561903494,1
0.8954979445454694,1
0.847362984644862,1
1.0930018173787248,0
0.990667992259908,1
0.8785286806093083,1
0.9205431183666783,1
0.9779061613276626,0
0.9309905860445985,1
1.0359358875759783,1
0.8455657187973402,1
0.9463632991482489,1
0.9702316729501266,1
0.8878717888942497,1
0.997937527103135,1
0.8504163060008576,1
0.9179336785577172,1
1.064914692858642,1
1.0696420076577988,0
0.8035715248390867,1
0.986952742589231,1
0.9491238002696486,1
1.0980016538834776,1
0.9395298154307029,1
0.728737672055908,1
0.947624992107327,1
0.8665054740924608,1
0.8230385161360393,1
0.9797279146605224,1
1.1033648045409261,1
1.0275460235981662,1
0.8691926197376045,1
0.9102401311812882,1
0.8147149400740887,1
0.9890096139049822,1
0.917404075902746,1
0.9713831200781167,1
0.8581813154010096,1
0.9139786084205755,1
1.0117678543620099,1
0.9178652462408784,1
0.8894962778506635,1
1.0207748573776723,1
1.0147768939935413,1
0.950884111288965,1
1.0705862401976591,1
0.9628749026196104,1
0.9673859253365004,1
0.841077085816819,1
1.0312846782386302,1
1.0768419508232148,1
0.9023881727991813,1
1.0049526424417734,1
0.9457762031110104,1
1.0630574384073261,1
0.919112608465314,0
0.8340575114386681,1
1.0105168307061234,1
0.8759658313528944,1
0.9541924290045891,1
1.051641663776698,0
1.0540131306096785,1
0.9728697286402745,1
0.835731972365659,1
0.9205537246828727,1
1.0853435706415262,1
1.0219020300106934,1
0.9571288656484559,1
0.9295884115499045,1
0.8578773899111476,1
0.8641503102516691,1
0.9644882607970073,1
0.863423001507355,1
0.8452575438151086,1
0.8584573708381542,1
0.8801645795077228,1
0.8371388649398493,1
1.0136249766069039,1
1.068468120555924,1
0.9353170299028397,1
0.9257845157507018,1
1.097062691269818,1
0.9515338885690324,1
0.7760123512189786,1
0.8150725647586532,1
0.7578026720705513,1
0.9831145694568003,1
0.8347778086508492,1
0.8241810421775321,1
0.8811186249799908,1
0.8522365447323559,1
0.8787702998325109,1
0.9517570577472386,1
0.8803227462767462,1
0.8565692199683133,1
0.8837917450235134,1
0.8691634009469742,1
1.000707713476388,1
0.8934839442331194,1
0.966718687058198,1
1.0790726541417115,0
0.9553002899193096,1
0.9120867788946374,1
0.9156175630608774,1
0.9984222777417225,1
1.0283953702311794,1
0.9366059480092769,1
0.9485581002807183,1
0.9058618468727113,1
0.9193782639290519,1
0.9508920000061863,1
0.8669323708264333,1
1.156831833913428,1
1.019470247648822,1
0.9619500181307208,1
0.9508782866794483,1
0.8645991754978907,1
1.0423206740909068,1
1.215234908837239,0
0.9706301925522678,1
0.9789549376753991,1
1.0884706609908994,1
0.9473124001756824,1
1.1500579138899596,1
1.2026788793161014,0
0.9996441502871982,1
0.9238118616354215,1
0.9819152556569662,1
1.2136260646330508,0
0.8239695605202064,1
1.0018908949705114,1
1.0228733533863172,1
1.0550228602706213,1
0.8647988995125134,1
0.9169217218129335,1
0.9853644614350285,1
0.884242362684699,1
0.8743491908212545,1
0.8046836509524649,1
0.9016037489494325,1
0.882880052048598,1
0.8064395555280608,1
0.71608229246593,1
0.9628391328925463,1
0.9339720192054518,1
0.8364702543837841,1
0.9401712061536464,1
0.897960864277868,1
1.0785062338663387,1
1.0562622228680016,1
0.852034636070273,1
0.9247220223824139,1
1.131593269250181,1
0.9471238468172626,1
1.154172561327898,0
0.8243636910546059,1
0.9046752817636406,1
0.9738585514917524,1
0.8317157212398122,1
0.8554614495195071,1
0.9368916671680488,1
0.878127777425711,1
0.8888000263520474,1
1.0669610392004634,1
0.8323406295757338,1
1.150856718872768,0
0.8988444490684288,1
0.955102710846072,1
0.8519714118384296,1
0.8211103043978849,1
0.975382577867704,1
0.9399215094992309,1
0.9050331179431017,1
0.9135117623454407,1
0.8974094043675036,1
0.8416775210015965,1
0.8354507017259635,1
0.9806032817531053,1
0.8167045462299982,1
1.1356084912353568,0
0.7889805186677539,1
0.8963131231386514,1
1.0761881176502381,1
0.9625256283712639,1
1.0289512225951278,1
0.9872117922513627,1
0.9615509558030613,1
0.7850494600937916,1
1.0539331288843785,1
0.8980239743280383,1
0.9154204776868108,1
1.0575523772688458,1
0.9311635335274359,1
0.8732984501718792,1
0.8801386580164995,1
1.0178523015055143,0
1.0345578525782289,1
0.9442649892886362,1
0.9930182561921035,1
0.8559199072128607,1
0.8644644608220667,1
0.7575198820945853,1
0.8157360787232825,1
1.005602302069362,1
0.9154597013647774,1
0.9960630896548462,1
0.9902856678014472,1
0.8322907041324381,1
1.0157741352395644,1
0.9125447279476592,1
0.8969323477318801,1
0.9919110609926216,1
1.1201688040581173,1
0.9171267691198947,1
0.9805829449878499,1
0.9234837593975299,1
0.7353221046503404,1
0.9031523302755715,1
0.9994485125876421,1
0.9569699585059922,1
0.9494176565500254,1
0.878098958201121,1
0.9370667348065893,1
0.7326010223826007,1
0.9701202629515834,1
0.8102747142258416,1
0.9528516908143125,1
0.8316181089386697,1
0.9063665477391974,1
1.0172713685258692,1
1.1568948787293882,1
0.9671140098048149,1
0.7757889028204963,1
0.8293171630088725,1
0.9410717648764624,1
1.021768309710182,1
0.8659160301266279,1
1.0074722567736039,1
0.7971291542982022,1
0.8375450162049602,1
0.9160582460034509,1
0.8450506801170657,1
0.9032184386765613,1
0.9367355679466101,1
0.7610885472784409,1
1.0199715948699812,1
0.8410186749071789,1
0.9759644451773214,1
1.004412160557254,1
0.9574347964701262,1
0.8215742114802624,1
1.0187200104456373,1
1.0105106242487252,1
0.8872465319590959,1
0.8844208212079027,1
0.8573832376182821,1
1.0684191833372956,1
0.9731256673327663,1
0.8144628911429,1
1.025257094217476,1
1.1094804873226283,1
0.9596163213446867,1
1.0778795207029876,1
0.9733587827272583,1
0.744657844999678,1
0.7485416480070965,1
1.0962946212668148,1
0.8920073660844933,1
1.061106160265378,1
1.0296094038616874,1
1.0519288272133651,1
0.8871909961065383,1
0.9258366610505316,1
0.9977632430750087,1
1.0095712690092222,0
0.971305800777998,1
1.074669294672093,1
0.8861889312241937,1
0.9216337130873751,1
0.9935423584990083,1
0.9955462330950731,1
0.8531348682258147,1
1.0514989308451863,1
0.8839375765666965,1
1.2047633088397232,0
0.8781268920362372,1
0.7864456427720594,1
0.99492918969696,0
0.8814540963942433,1
0.7373216929302788,1
0.9213914911071268,1
0.9452577937186181,1
0.9497326997361499,1
1.0253802215651504,1
0.9292604575761007,1
0.9524259402619367,1
0.7329688259986648,1
0.9960490640453191,1
1.0544872447796525,1
0.891911286048,1
1.0330803877752477,1
0.94299533324352,1
1.0568472327991194,1
0.6961009062462978,1
0.8809441548551631,1
0.9532432106047576,1
0.8237483692806502,1
0.9627745708628952,1
1.0405812553681115,1
0.8288006900521308,1
1.0977495909759634,0
0.7940978370410297,1
0.7595185012338548,1
0.925872521614494,1
1.077731196596976,1
0.998812505338381,1
1.0301401825371497,1
1.0105209031700277,1
1.0671219577941706,1
0.8011578456697228,1
0.962525981553657,1
1.026203036363393,1
1.016316700485039,1
1.1174246338019937,1
0.9260353074966063,1
0.9979838020605941,1
0.9264856210095912,1
1.0286599868530693,1
1.0947038442025796,1
1.0317662104208971,1
1.014787295201421,0
1.0242421613216242,1
1.0715257200291108,1
0.9385846355482875,1
0.9266579919085852,1
0.8080662303553521,1
0.9915461031590196,1
1.0003089625603958,1
1.1461627109587904,1
0.7580059930319796,1
0.8880670413429735,1
0.981011420035865,1
0.9828572623724299,1
0.9561350039857704,0
0.8707532001851261,1
1.1173059600089301,1
0.8068984614390422,1
1.0510893589378858,1
0.7833291329536549,1
0.8374003149448395,1
0.914121842510203,1
0.8859344713655151,1
0.7954475372433678,1
0.6489400854620919,1
0.9288765253631986,1
0.9576643865738401,1
0.7954762954898911,1
0.8977359249064535,1
0.934977948977707,1
0.9367663457066059,1
1.1476720798935762,1
0.8868147490050479,1
1.0923060877751223,1
1.123023732768335,1
0.9738039673173562,1
1.0870089412506108,1
0.9730997060802724,1
0.9451791042718788,1
1.069226094177492,1
0.8624266411843913,1
1.1646807317208636,1
0.9316293742540422,1
0.890276265875592,1
0.822727341539856,1
1.1111397252901816,1
1.0763321997077027,1
1.062005253538799,1
0.8464369570482,1
0.9727417328768422,1
1.1214914702424483,1
0.9563543348266578,0
1.0293444535083305,1
1.1548072483316925,1
1.0330674965675257,1
1.0004064507216013,1
0.9998730215496051,1
0.979835458203705,1
1.0360670264864535,0
1.0867098048079344,1
1.0131415929477454,1
1.0755242550034843,1
0.8041108327683554,1
0.9698706576335606,1
0.9202821798355019,1
1.0228539510234151,1
0.9356735316075487,1
0.8292779043834335,1
0.9960310652797632,1
1.0027456957322394,1
0.7673230457266912,1
1.2186207543630445,1
1.0445628530240962,1
1.0087077916292673,1
0.951451296907663,1
0.9239337230931508,1
1.0222480271206014,1
1.0467341568548882,1
0.922700062439751,1
0.9228534492849043,1
0.9557511132944745,1
1.0626272267965753,1
0.9868253575009811,0
0.824215256839927,1
1.11363945253128,0
0.87418292040731,1
0.9511005993363848,1
1.0765864861957881,0
1.08712643881631,1
1.0813538250662966,1
0.7291598746728389,1
0.9030309054767222,1
0.9726044021825223,1
0.8437867487962114,1
0.9283783300038632,1
0.8692328148584068,1
0.9547060345367278,1
0.9446324218265969,1
0.9956120842885967,1
0.9719340387744241,1
0.8991420726607682,1
0.8468390515472177,1
0.9283210881435678,1
0.9059468567286235,1
1.0513455442563833,1
0.8413418416251476,1
0.8909794341820246,1
0.990066368522155,1
0.9324811965555327,1
1.0012056629969122,1
0.9599900882180828,1
0.9748381100962197,1
1.0972419080913727,1
0.9357479936133845,1
0.9535380794940237,1
0.97766156149669,1
0.9295018988635276,1
0.8750666857223169,1
0.7918045696850666,1
0.7989196383804706,1
0.9437071782956177,1
0.9302939647559566,1
0.8493546907555178,1
0.7740112577072821,1
1.013196581146826,1
0.9585599175328775,1
0.9399747142118123,1
0.9337855509114339,1
0.7149852188721475,1
0.9987314756225303,1
0.9698217652825099,1
0.7920664793926752,1
0.7844651531715767,1
1.0290999172327453,1
0.9839134015909824,1
1.077073131934802,1
1.01878475304403,0
0.9866298791074435,1
1.1724288540960588,0
0.9466622616225022,1
0.9053821067782596,1
0.7614919873777032,1
1.0594035883853792,1
1.0554297132049621,1
0.8775377950368122,1
0.9691724734208401,1
0.7116638418574268,1
0.872908265049507,1
0.9942841829107769,1
0.9183597912519071,1
0.8650847267882878,1
1.099493871159261,1
0.7895275231303065,1
0.8966530394672078,1
0.8903194631663637,1
0.7292001122659482,1
0.8520893757612691,1
0.9668045990761178,1
1.0229511879189137,0
0.9345084379654535,1
0.8800977242294218,1
0.9355515910885573,1
1.0837396573259679,1
0.9077652115160655,1
0.9781324580091947,1
1.1705181955606156,1
0.9446801894999054,1
0.8460253394037661,1
0.7476713212561819,1
0.953148633956456,1
0.8331043675421812,1
0.9483983751324307,1
0.8854286214420931,1
1.0095908302105912,1
0.951029181794546,1
0.8185625829114027,1
0.6821485101408937,1
1.0795693510600364,1
0.8718801085458873,1
1.0735297403885655,1
0.9871326288450178,1
0.9974024226776151,1
1.012913793632959,1
0.9755995671025851,1
1.0523322823655152,1
0.9327384144196968,1
0.8650117292150632,1
1.0335120892610723,1
0.9187182935740724,1
0.9456785982239649,1
0.7981125844417393,1
0.8556521365423717,1
1.0655161941643154,1
0.904883302285584,1
0.8411023944675936,1
0.8864136892468,1
1.1204678303010545,1
0.9808408323078185,1
0.7510854304463048,1
0.9191658032142266,1
1.0274480822092502,1
1.124939216514746,1
0.788991936781928,1
1.1312904681544849,0
1.1638723129098634,1
1.0440951274245123,1
1.0516014567150718,1
0.7974656366656762,1
0.9893489068624433,1
0.9120984430504447,1
0.7928887410242121,1
0.9419787042411613,1
0.9357224140432255,1
0.7803859588921332,1
0.8935047320681246,1
0.9736435474693793,1
0.9087646110505073,1
0.8050703700048675,1
1.0478538843724174,1
1.1479474489902206,1
0.7543533476339325,1
0.9449637082640415,1
0.8947524191116868,1
0.9167596168062168,1
0.8356507771996338,1
0.9985079703465961,1
0.9620084845181034,1
1.0971459730264121,1
0.8087083552469345,1
0.9298982023764008,1
0.9566274213654291,0
1.044782174028241,1
0.9561450271063511,1
0.9625056004121034,1
1.0122104159296,1
0.9289421661122143,1
0.9617845769691772,1
0.9553435577310141,1
0.805798739491371,1
1.058594770629198,1
1.073879156376187,1
1.0407672707465956,1
1.0074235199522665,1
0.9514061575340136,1
1.083172467175356,1
1.0165063277038877,0
0.8602329182392879,1
0.8289727984943058,1
0.9276649766293313,1
0.9957838898827033,1
1.0550759414470225,1
1.1085099213925682,1
0.9327318434086176,1
1.1867695239379326,1
0.8492753616827989,1
0.9537132812925578,1
1.0443339942768994,1
0.9582629874042508,1
0.8824481764680482,1
0.7590590393818597,1
0.8211346991244981,1
0.7595158103597777,1
0.9601965305347225,1
0.9471143842772245,1
1.0198889704633582,1
1.0549433678445055,1
0.9492079195153048,1
0.941708791962984,1
1.039614495529058,1
0.9507714578829203,1
1.0370387022635628,1
0.9357824191109928,1
1.1009110627438985,1
0.8040338994648372,1
0.7910691657516934,1
1.0391331465897298,1
0.9065914816677829,1
0.786245404535031,1
0.9024418907775383,1
1.0761334441558836,1
0.7112644825061764,1
0.8107240926603968,1
1.0262609052421796,1
0.868891775515746,1
0.9356221478899519,1
1.1206537730346247,1
0.9818772244163408,1
0.8808987918283109,1
0.945637990796736,1
1.0100169524886669,1
0.8706224552662063,1
0.9315850931016608,1
0.9096587542339869,1
1.132479131174462,1
1.0192399556392475,1
1.0266023025821438,1
0.9247371844290299,1
1.0262612461566138,1
0.8336463300577349,1
0.9204809018466218,1
1.0570788341761121,1
0.8951068762766756,1
1.050831415581792,1
0.9264229837127624,1
1.0622053116170878,1
0.9346039762797007,1
1.0778414642282246,1
0.9112289775789943,1
0.9173537542294875,1
1.0446904088218036,1
0.8447896632673553,1
0.9245290455429229,1
0.9164938014770037,1
0.9881984564474636,1
1.0027002843052966,1
1.2146509972368362,0
0.9542114820437473,1
0.8977694951854203,1
1.005364157875253,1
0.7233505624601486,1
0.9283863484734005,1
0.8988531142161538,1
1.1676354258091424,1
0.9773909170920291,1
0.8765701398918897,1
0.8550426532815071,1
1.0412407856732555,1
0.8687483861944832,1
1.0031280451588152,1
1.0117937992475659,1
0.7290793006549321,1
0.8984718644439857,1
0.8017643977254336,1
0.8695830444110486,1
0.8497542115521033,1
0.9888327581668633,1
0.947245697536458,1
1.0757042855720256,1
0.8860067209016159,1
1.0496936198900308,1
1.080500069043446,1
0.9694106588039706,1
0.81085577035655,1
1.026047217182929,1
1.009986562034363,1
0.7947382722069048,1
0.958498643212873,1
0.9069009688650446,1
1.07975345412954,1
0.8227632297702081,1
0.9737739013376552,1
0.8845451774514462,1
0.8868545312047035,1
1.100035245070797,1
0.9020392930306299,1
1.0130242880100486,1
0.9267192258324948,1
1.0570684792285414,1
0.9727331779970899,1
1.003423183456829,1
0.8573194672219902,1
0.9385630808370443,1
1.0218942172645966,1
1.0711465985951634,1
0.9091071682111551,1
0.9695888821469052,1
0.8647942665287787,1
0.9475026697919076,1
1.2198967718675764,0
0.9323827577164394,1
0.904789920181778,1
0.8977738695355589,1
0.8795347338747551,1
0.981913855972744,1
0.9875434690134789,1
1.236623874617759,1
0.929121096958482,1
0.9707894407791234,1
0.9799316391420474,1
0.8974956770969958,0
0.8942348934798001,1
0.8152613853067612,1
1.0248507806604832,1
0.9209089106495009,1
1.0002400180753452,1
0.9067174371421928,1
